SPSL,SPFN
0,Vince
1,Kenny
2,Noah
3,Emmanuel
4,Isaac
5,James
6,Kyle
7,Tre
8,Christophe
9,Luke
10,Ryan
11,Johnathan
12,Benjamin
13,David
14,Camby
15,Caleb
16,Trey
17,John Lee
18,Jacob
19,Matthew
20,Elijah
21,Jayden
22,Ayden
23,Everett
24,Jorden
25,Brandon
26,Troy
27,Alec
28,Hawk
29,Brad
30,Corvan
31,Michael
32,Eian
33,Haaziq
34,Omar
35,Nasir
36,Micah
37,Dane
38,Thor
39,McKenly
40,Zachary
41,Warren
42,Kaleb
43,Jensen
44,Nate
45,Mason
46,Kalawaia
47,Dalton
48,Brandon
49,Demonte
50,Deandre
51,David
52,Lakota
53,Kolby
54,Jordan
55,Jalen
56,Owen
57,Wesley
58,Ben
59,Charles
60,Jake
61,Matthew
62,Ben
63,Caden
64,Ethan
65,Jayden
66,Adam
67,Mark
68,Zion
69,Nik
70,Corey
71,DiMarco
72,Blake
73,Chu
74,Michael
75,Kyle
76,Sean
77,Juan
78,A.J.
79,Tyson
80,Jonzell
81,Nazir
82,Michael
83,Shawn
84,Jasaiah
85,Charles
86,MyJaden
87,Michael
88,Kenyon
89,Oran
90,Anthony
91,Jeslord
92,Ryan
93,Konata
94,Logan
95,Ronan
96,Vincent
97,Randy
98,Deacon
99,Timothy
100,Joey
101,Owen
102,Nate
103,Curtis
104,Kato
105,Jalen
106,D.J.
107,Cory
108,Andre
109,Xavior
110,Jordan
111,Bubba
112,Bernard
113,Bryce
114,Angelo
115,Joe
116,Zach
117,Colin
118,Andre
119,Julian
120,Ryan
121,Tony
122,Alex
123,Reggie
124,Ethan
125,Tristian
126,Zach
127,Tony
128,Ryan
129,Caleb
130,Rey
131,Ronald
132,Jaylen
133,Brandon
134,Bryce
135,George
136,Kevin
137,Zach
138,Darrian
139,Hans
140,Tim
141,Jalen
142,Chris
143,Christian
144,Brian
145,Terrion
146,Henry
147,Kendall
148,Javion
149,Terrence
150,Will
151,Jamil
152,Phidarian
153,Cameron
154,Trey
155,Jah-Marien
156,Javon
157,Brian
158,Roydell
159,Christophe
160,James
161,Camar
162,Josh
163,Drew
164,Keanu
165,Jase
166,Shane
167,Damon
168,Khyree
169,Amari
170,Paul
171,Daniel
172,Demouy
173,Dallas
174,Christian
175,Marcus
176,J.C.
177,Emmanuel
178,Jahleel
179,Bryce
180,Stephon
181,John
182,Pierce
183,Emil
184,Chris
185,Jameson
186,Justin
187,LaBryan
188,Tommy
189,Kristian
190,Damieon
191,D.J.
192,Will
193,Malachi
194,Evan
195,Corey
196,Major
197,Deontae
198,Slade
199,Thaiu
200,Jordan
201,DeMarcco
202,JoJo
203,Traeshon
204,Jalyn
205,Jaylen
206,Byron
207,Shontrail
208,Jordan
209,Rhedi
210,Jon
211,Stanley
212,Isaiah
213,Christian
214,B.J.
215,Kevon
216,Jaxen
217,Treshaun
218,Jalen
219,Trevon
220,Josh
221,Leevel
222,Alex
223,Lucas
224,Jalen
225,McKenzie
226,Michael
227,Stevie
228,Jaydin
229,Lucas
230,Dion
231,Kyon
232,Jason
233,Jamarye
234,Paiton
235,Josh
236,Isaiah
237,Jalen
238,Christian
239,Donovan
240,Josh
241,J.T.
242,Anthony
243,Jaden
244,Treydan
245,J.B.
246,Tyler
247,Aaron
248,Kenny
249,Jordan
250,Will
251,Gunner
252,Nahe
253,Stacey
254,David
255,Mo
256,Dante
257,Rashie
258,Sam
259,Issaiah
260,Bam
261,Jerry
262,Alex
263,Paris
264,Malik
265,Eddie
266,Zach
267,Randy
268,Gunner
269,Malik
270,Javione
271,Tayvian
272,Thomas
273,Drake
274,Boobie
275,Bryce
276,Elijhah
277,Omarr
278,Austin
279,Jayden
280,Dani
281,Trenton
282,Willie
283,Andre
284,DeAndre
285,Finn
286,Alijah
287,Tautala
288,Giovanni
289,Cristian
290,Ed
291,Jordan
292,Chase
293,Anthonie
294,John
295,Macen
296,Isaiah
297,Corey
298,Evan
299,Jalin
300,Kellen
301,Henry
302,Tyler
303,LaDarius
304,Will
305,R.J.
306,Eddie
307,Ralph
308,Gharin
309,Jarrett
310,Shannon
311,Timarcus
312,Merlin
313,Jordan
314,Joe
315,Rachaad
316,Danny
317,Chad
318,D.J.
319,Darien
320,Ben
321,Brent
322,Eric
323,Ryan
324,Kyle
325,Donovan
326,Isaiah
327,Stanley
328,Ricky
329,Michael
330,Kejuan
331,Deamonte
332,Jaydon
333,Geordon
334,Spencer
335,Tommi
336,Jack
337,Triston
338,Case
339,Levar
340,Connor
341,Johnny
342,Lonnie
343,Caleb
344,Curtis
345,Myron
346,A.J.
347,Joquaim
348,John David
349,Keuan
350,Jalen
351,Reid
352,Montaric
353,Dorian
354,Cam
355,Isaiah
356,Andy
357,Marcus
358,Zach
359,Eric
360,LaDarrius
361,Andrew
362,Tyson
363,Khari
364,K.J.
365,Cameron
366,Ricky
367,Jalen
368,Luke
369,Myles
370,Trey
371,Dalton
372,Markell
373,Blake
374,Brady
375,Hudson
376,Beaux
377,Shane
378,Hayden
379,Dominique
380,Grant
381,Malik
382,Jashaud
383,Mataio
384,Warren
385,Kelin
386,John
387,Bumper
388,Tyreke
389,Chris
390,Ryan
391,Ty
392,Malik
393,Hudson
394,Taurean
395,Marcus
396,Cole
397,Trent
398,Jalen
399,Simeon
400,Trelon
401,Terry
402,Jayden
403,Joe
404,Treylon
405,Nathan
406,Dejuan
407,Javion
408,Devin
409,Ketron
410,Stephen
411,Raheim
412,Tre
413,Greg
414,Robert
415,Wyatt
416,James
417,Justin
418,Reagan
419,Bobby
420,Anthony
421,Avery
422,Terry
423,Derrick
424,Joe
425,Layne
426,Ross
427,Marcel
428,Kenneth
429,Nason
430,Quay
431,Tre
432,Dennard
433,Omari
434,Carson
435,Adam
436,Samy
437,Granit
438,Ethan
439,Deris
440,Austin
441,Jeffmario
442,Emmanual
443,Antonio
444,Blake
445,Torren
446,Dahu
447,John
448,Andre
449,Seydou
450,Jaden
451,Kyle
452,Elery
453,Ethan
454,Lincoln
455,Justin
456,Tristan
457,Vidal
458,Jeff
459,Noah
460,Jacob
461,Alan
462,Leon
463,Denzel
464,Caleb
465,TK
466,Corey
467,Reed
468,Dane
469,Cam
470,Akeem
471,Wyatt
472,Ryan
473,Thurman
474,Antwon
475,Darrell
476,Trevian
477,Makilan
478,Taylon
479,Jarius
480,Ivory
481,Jalil
482,Keyvon
483,Braheam
484,Antoine
485,Aaron
486,Caleb
487,Dayton
488,Marquel
489,Jabari
490,Zach
491,Trey
492,Jaylen
493,Tanner
494,Tyler
495,Quindrelin
496,Connor
497,Brandon
498,Cade
499,Laquan
500,Simon
501,Beau
502,Cole
503,Michael
504,Christian
505,Julian
506,Jackson
507,Kwame
508,Jordyn
509,Chris
510,Anthony
511,Connor
512,Isaiah
513,Noah
514,Daryan
515,Peyton
516,Sam
517,Nolan
518,Cameron
519,Mikey
520,Ryan
521,Tyson
522,Chris
523,Kamaron
524,Nathaniel
525,Cole
526,Dean
527,Maurice
528,Leo
529,Isaiah
530,Isaiah
531,Arik
532,Jemel
533,Sean
534,D'Andre
535,George
536,Darius
537,Andre
538,Austin
539,Jakobi
540,Cedrick
541,Jabari
542,Mason
543,Joshua
544,Jimmy
545,Zack
546,Donnie
547,Spencer
548,Tyrell
549,Cade
550,Justin
551,Fabrice
552,Owen
553,Shedrick
554,JaVarrius
555,Zion
556,Smoke
557,Donovan
558,Nehemiah
559,Elijah
560,Marquis
561,Jaron
562,Tashawn
563,Cam
564,Dylan
565,Zeke
566,Marquis
567,Lee
568,Ahmari
569,Oscar
570,T.J.
571,Derick
572,Romello
573,Grant
574,Shaun
575,John Samue
576,Landen
577,T.D.
578,Tank
579,Malcolm
580,Braylen
581,Jaylin
582,Jordon
583,Wesley
584,Dreshun
585,Tate
586,Austin
587,Kilian
588,Dre
589,Chandler
590,Brenden
591,JoJo
592,J.J.
593,Keiondre
594,Dematrius
595,Ro
596,Caleb
597,Marcus
598,Tony
599,Nick
600,DK
601,Jalil
602,Brandon
603,Leo
604,Kameron
605,Desmond
606,Eku
607,LaDarius
608,Jeremiah
609,Colby
610,Bryan
611,Anders
612,Luke
613,Roger
614,Demetris
615,Tyler
616,Liam
617,J.J.
618,Bo
619,Kobe
620,Alec
621,Jaylen
622,Curtis
623,Tyler
624,Isaiah
625,Chevy
626,Donny
627,Ethan
628,Will
629,Tye
630,Jordan
631,Ryan
632,Bryce
633,Cole
634,Brett
635,Thailand
636,Mark
637,Carson
638,J.T.
639,Anthony
640,Christian
641,Dylan
642,Kyron
643,Kevin
644,Dalton
645,Clayton
646,Jimmy
647,Brandon
648,Cody
649,Jack
650,Drayton
651,Eddie
652,Draymond
653,Kendal
654,Mark
655,Justin
656,Zion
657,Kyler
658,Rico
659,Hassan
660,Chris
661,Jordy
662,Liam
663,Emeka
664,Corey
665,Justen
666,Jaylin
667,Nic
668,Damon
669,Malcolm
670,Seth
671,Porter
672,Brock
673,Anthony
674,Jimmie
675,John
676,Trenton
677,Derin
678,Drew
679,Joshua
680,Trevor
681,Jack
682,Jordan
683,Brayden
684,Justin
685,Tavion
686,Nathan
687,Kaleb
688,Jacob
689,Jalen
690,Elijah
691,Connor
692,Mark
693,Lorenzo
694,A.J.
695,Tyler
696,Abram
697,Chidi
698,Jordan
699,T.J.
700,Craig
701,Brayden
702,Tate
703,Khalil
704,Benoit
705,Matt
706,Dick
707,Trestan
708,Drake
709,Will
710,Kalon
711,John
712,Victor
713,Devin
714,Lofa
715,Drew
716,Micah
717,Christian
718,Terrel
719,Jalen
720,Carlo
721,Connor
722,Grant
723,Jackson
724,Elijah
725,Cisco
726,Taye
727,Cole
728,Tyquan
729,Rob
730,Kyron
731,Gerry
732,Issac
733,Ben
734,Oba
735,Xavier
736,Josh
737,Jairon
738,Josh
739,Chateau
740,Jackson
741,Gavin
742,Tevin
743,Ronnie
744,JT
745,Jacob
746,Gabe
747,Christoph
748,Ashton
749,Mose
750,Jaylen
751,Monaray
752,Dillon
753,RJ
754,Blake
755,Will
756,Gavin
757,Byron
758,Cameron
759,Mason
760,John
761,Ezekiel
762,Andy
763,Joel
764,Semaj
765,Scott
766,Billy
767,Dallas
768,Jackson
769,Seyi
770,Isaiah
771,Scale
772,Riley
773,Kekaula
774,Damon
775,Jordan
776,Tyric
777,Taequan
778,Octavius
779,Alexander
780,Caleb
781,Brandon
782,Kelee
783,DJ
784,Michael
785,Divine
786,Kurt
787,Jacob
788,Kaonohi
789,Austin
790,Donte
791,Riley
792,Riden
793,Jaylen
794,Jared
795,Jonah
796,Cyrus
797,Jack
798,Tyler
799,Rodney
800,Andrew
801,Dylan
802,Aisa
803,Herbert
804,Gerrett
805,Ben
806,Casey
807,PJ
808,LaTrell
809,Jake
810,Ahmed
811,Hank
812,Demitri
813,Markel
814,Will
815,Tyreque
816,Ty
817,Neil
818,Khalil
819,Davis
820,Danny
821,George
822,Shane
823,Taylen
824,Eric
825,Stefan
826,Tyler
827,Roman
828,Josh
829,Zion
830,Jaden
831,Deon
832,Javian
833,Emmett
834,Shawn
835,Ben
836,Jackson
837,T.J.
838,Jaelen
839,Brandon
840,Marcus
841,Charlie
842,Jalen
843,Nick
844,Neto
845,Jalen
846,Trae
847,Grant
848,Khris
849,Alec
850,Joey
851,Alec
852,Kam
853,C.J.
854,Owen
855,Christian
856,Vinny
857,Bryce
858,Jaylen
859,Hugh
860,Ozzy
861,Kobay
862,Kevin
863,Jaiden
864,Jalon
865,Kevin
866,Jason
867,Chico
868,Joseph
869,Tam
870,Drew
871,Mike
872,Jahmin
873,Cam
874,Jack
875,Isaiah
876,J.T.
877,Dennis
878,Danny
879,Zay
880,Lewis
881,Tyler
882,Finn
883,Brandon
884,Shitta
885,C.J.
886,Travis
887,Isaiah
888,Jake
889,Donovan
890,Jehlani
891,Pat
892,Spencer
893,Xavier
894,Phil
895,Elijah
896,Connor
897,Jordan
898,Gabriel
899,Marcus
900,Deshawn
901,Trent
902,Terion
903,Bryce
904,Jaylen
905,Davion
906,Jake
907,Martin
908,Aaron
909,Tommy
910,Tyrone
911,Andrew
912,Trevon
913,James
914,Jeremiah
915,Christian
916,Franz
917,Lebron
918,Moses
919,Sam
920,Darren
921,Austin
922,Cade
923,Diego
924,Blaine
925,Taron
926,Demetrius
927,Jalen
928,Nic
929,Riley
930,Jordan
931,Jhaylin
932,J.B.
933,Levi
934,Matt
935,Anthony
936,Griffin
937,Adrian
938,Billie
939,Matt
940,Javonte
941,Alex
942,Luke
943,Diata
944,Brennan
945,Jordan
946,Patrick
947,Charles
948,Dawson
949,Willie
950,Shaun
951,Chris
952,Tucker
953,Justin
954,Nate
955,Ralphie
956,Jevon
957,Walter
958,Alex
959,Matt
960,Brock
961,Patric
962,Zach
963,Cavon
964,Karl
965,Davon
966,Jack
967,Damien
968,James
969,Kyler
970,Keith
971,Ron
972,Bryce
973,Josh
974,Jake
975,Alex
976,Fabian
977,Casey
978,Cory
979,Tyree
980,Nick
981,Kolbe
982,E.J.
983,Dylan
984,C.J.
985,Eric
986,Quian
987,Max
988,Tyler
989,Bruce
990,Taylor
991,Tyler
992,Cole
993,Caleb
994,Jake
995,Trevor
996,Jack
997,Chris
998,Allan
999,Janik
1000,Matt
1001,Dominic
1002,Jovany
1003,Deondre
1004,Bence
1005,Khamran
1006,Keither
1007,Marcus
1008,Tim
1009,Jaillen
1010,Jibrahn
1011,Bernard
1012,Jalen
1013,George
1014,Jackson
1015,Trevor
1016,Nolan
1017,Caelan
1018,Alex
1019,JaMarcus
1020,Carlton
1021,Shaun
1022,Kyle
1023,Arnold
1024,Jake
1025,Floyd
1026,Trevor
1027,Quillen
1028,Dylan
1029,Isaiah
1030,Gabe
1031,Kevin
1032,Alain
1033,Merrill
1034,Jamari
1035,Lorenzo
1036,Jacob
1037,Jake
1038,Davi
1039,Caleb
1040,Keanu
1041,Earl
1042,Max
1043,Kaleb
1044,Connor
1045,Chase
1046,Caden
1047,Hayden
1048,Masen
1049,Miles
1050,Morgan
1051,James
1052,Nick
1053,Tyler
1054,Donovan
1055,Brock
1056,Matthew
1057,Atunaisa
1058,Harris
1059,Aman
1060,Shamon
1061,Micah
1062,Neil
1063,Gabe
1064,Isaac
1065,Chaz
1066,Jared
1067,Josh
1068,Malik
1069,Joe
1070,Jay
1071,Gunner
1072,Puka
1073,Jaren
1074,Chris
1075,Ryan
1076,Pepe
1077,Dallin
1078,Samson
1079,D'Angelo
1080,Mitchell
1081,Jacoby
1082,Blake
1083,Jackson
1084,Tom
1085,Brayden
1086,Keenan
1087,Tyler
1088,Clark
1089,Isaiah
1090,Ben
1091,Fisher
1092,Jaylon
1093,Keenan
1094,Seth
1095,Blake
1096,Javelle
1097,Kody
1098,Drew
1099,Jacob
1100,Baylor
1101,John
1102,Payton
1103,Cam
1104,Brian
1105,Everett
1106,Brayden
1107,Kenny
1108,Trevon
1109,Trey
1110,Jaedon
1111,Nikko
1112,Ieremia
1113,McKade
1114,Aaron
1115,Ethan
1116,Derek
1117,Nate
1118,Christophe
1119,Femi
1120,Will
1121,Jermaine
1122,Stanley
1123,Raymond
1124,Jake
1125,Matthew
1126,Cameron
1127,Ricky
1128,Monroe
1129,Braxten
1130,Bastian
1131,Horace
1132,Jamieson
1133,Manu
1134,Josh
1135,Kyle
1136,Elijah
1137,Kekoa
1138,Branden
1139,Ben
1140,Ryan
1141,Ken
1142,Kai
1143,Akili
1144,Kaleb
1145,Collin
1146,Coby
1147,Miles
1148,Gavin
1149,Darius
1150,Jerricho
1151,Dario
1152,Jeremiah
1153,Luc
1154,Gunnar
1155,Mavin
1156,Mason
1157,Evan
1158,Zach
1159,Damien
1160,Valentino
1161,Brett
1162,Kaleb
1163,DeCarlos
1164,Daniel
1165,Marion
1166,Orin
1167,Louie
1168,Chris
1169,Chase
1170,Marcel
1171,Eric
1172,Collin
1173,Mike
1174,Josh
1175,Jake
1176,Dylan
1177,Kam
1178,Trevion
1179,Corey
1180,Cole
1181,Keenan
1182,Joey
1183,Ricky
1184,Marco
1185,Tatum
1186,Damarius
1187,Justin
1188,Davonte
1189,Josh
1190,Daniel
1191,Jarrad
1192,Amari
1193,Charlie
1194,Cole
1195,Devunte
1196,Zach
1197,Noah
1198,Kadeem
1199,Jaiden
1200,Marcus
1201,Trillion
1202,Jermaine
1203,Kevon
1204,Alec
1205,Bryson
1206,Kaedin
1207,Andrew
1208,Derek
1209,Quadry
1210,Nate
1211,Diego
1212,Jordan
1213,Johnny
1214,Dillon
1215,Jon
1216,Titus
1217,Brandon
1218,Matthew
1219,Landon
1220,Billy Bob
1221,Paul
1222,Quadric
1223,Quade
1224,Mark
1225,Tremon
1226,Lokahi
1227,Brett
1228,Brandon
1229,Zamari
1230,Isaiah
1231,Cam
1232,Ryan
1233,Asad
1234,Jeremiah
1235,Jaylon
1236,Anthony
1237,Edward
1238,Mikey
1239,Jaylon
1240,Adrian
1241,Samuel
1242,Isaiah
1243,Brayden
1244,Remi
1245,Alec
1246,DeJavion
1247,DeShawn
1248,Luke
1249,Jason
1250,Eric
1251,Fred
1252,LaQuan
1253,Jase
1254,Donte
1255,Bernhard
1256,Finn
1257,Devonni
1258,Myles
1259,Alonzo
1260,Michael
1261,Cedric
1262,Dakota
1263,Caleb
1264,Trey
1265,Troy
1266,Harry
1267,Thomas
1268,Darius
1269,Jacques
1270,Roland
1271,Dallas
1272,Demarco
1273,Robbie
1274,Keegan
1275,Levar
1276,Amir
1277,Quindario
1278,Fernando
1279,Luke
1280,Marshall
1281,George
1282,Karl
1283,Daniel
1284,Joel
1285,Marion
1286,Chris
1287,Danny
1288,Jamie
1289,Davis
1290,Gage
1291,Xavier
1292,DeeDee
1293,Vashon
1294,Davide
1295,Tyrece
1296,Justin
1297,Troy
1298,Tyler
1299,Elijah
1300,Tico
1301,Tyson
1302,Drayton
1303,Keegan
1304,Tyden
1305,Jacob
1306,Kobe
1307,Kyle
1308,Richard
1309,Kalil
1310,Hunter
1311,Jeremy
1312,Darrian
1313,Tyler
1314,Brody
1315,Javon
1316,Marcelo
1317,Will
1318,Ryan
1319,Jerome
1320,Jacob
1321,Curtis
1322,Bryan
1323,Mao
1324,Leonard
1325,Cam
1326,Lorenz
1327,Daved
1328,Lucas
1329,Will
1330,Bryon
1331,Josh
1332,Luke
1333,Gary
1334,James
1335,Gavin
1336,Aaron
1337,Shawn
1338,Zander
1339,Jaheim
1340,Jordan
1341,Jowon
1342,Ethan
1343,Joel
1344,Amir
1345,Desmond
1346,John
1347,Taj
1348,Rahim
1349,Billie
1350,Deshawn
1351,Todd
1352,Evan
1353,Ahmad
1354,Noah
1355,Chris
1356,Coby
1357,Marcus
1358,Cole
1359,Ty
1360,Malik
1361,Eric
1362,Jabari
1363,Vincent
1364,Mason
1365,Charles
1366,Michael
1367,Malik
1368,Dylan
1369,Tre
1370,Payton
1371,Wilson
1372,Sammy
1373,Colin
1374,Alec
1375,Justin
1376,Jack
1377,Jake
1378,Miles
1379,Jadon
1380,Tyler
1381,Will
1382,Joseph
1383,Mohammed
1384,Andrew
1385,K.J.
1386,Justyn
1387,Mario
1388,Fred
1389,R.J.
1390,Tyler
1391,Darnell
1392,Phil
1393,Dak
1394,Tre
1395,B.T.
1396,Keith
1397,Bill
1398,Tyson
1399,E.J.
1400,Will
1401,Justin
1402,Troy
1403,Will
1404,Nate
1405,Marcus
1406,Braden
1407,Matt
1408,Ray
1409,Jordan
1410,LaVonta
1411,Barrett
1412,Will
1413,Trenton
1414,Hunter
1415,Myles
1416,Kane
1417,D.J.
1418,Nolan
1419,Andrew
1420,Jeremiah
1421,Ruke
1422,Xavier
1423,Justin
1424,Sage
1425,Frank
1426,Hunter
1427,Dietrick
1428,Jalyn
1429,Bryan
1430,DeMonte
1431,Mason
1432,Tristan
1433,Paul
1434,Davis
1435,James
1436,Kobe
1437,Malcolm
1438,Cade
1439,Walker
1440,Jaelyn
1441,Payton
1442,Ajou
1443,Brannon
1444,Sheridan
1445,Jake
1446,Landon
1447,Beaux
1448,Mitchell
1449,Allan
1450,Jarek
1451,Alec
1452,Tyas
1453,Jalen
1454,Trustin
1455,Chase
1456,Isaiah
1457,Christian
1458,Gerad
1459,Alejandro
1460,Janaz
1461,Terrance
1462,Nate
1463,Alex
1464,Mekhi
1465,Justin
1466,Jonathan
1467,Deion
1468,Jack
1469,Joe
1470,Tyrin
1471,Ashaad
1472,Ty
1473,Evan
1474,Max
1475,Casey
1476,Jaylon
1477,Colby
1478,J.T.
1479,Mark
1480,Austin
1481,Frank
1482,Guy
1483,Cole
1484,Caleb
1485,Joshka
1486,Chance
1487,Marvin
1488,Drew
1489,Brendon
1490,Brady
1491,Jayle
1492,Nikko
1493,Robert
1494,Zak
1495,Carson
1496,Kary
1497,Kanan
1498,LaVontae
1499,Quinn
1500,Jamar
1501,Carson
1502,Joshua
1503,Nigel
1504,Devin
1505,Daniel
1506,Kaylin
1507,Jayden
1508,Maurice
1509,Brenden
1510,Montana
1511,Dimitri
1512,Matt
1513,Josh
1514,Chris
1515,Ray
1516,Curtis
1517,Jake
1518,James
1519,Marshaun
1520,Cayden
1521,Brandon
1522,Mohamed
1523,Todd
1524,Owen
1525,Thomas
1526,Aaron
1527,Tywan
1528,Cameron
1529,Brandon
1530,Mike
1531,Devin
1532,Logan
1533,David
1534,Ty
1535,Langston
1536,Lars
1537,Jaylen
1538,Keith
1539,Adam
1540,Trey
1541,Gage
1542,Scott
1543,Dirk
1544,Lin
1545,Tavian
1546,Devon
1547,Joctavis
1548,Gary
1549,Robert
1550,Sanjay
1551,Dequan
1552,Cam
1553,Ryan
1554,Toby
1555,Jack
1556,Justice
1557,Clay
1558,Jonah
1559,Manny
1560,John
1561,Dante
1562,Barry
1563,Trent
1564,Rashad
1565,Troy
1566,Cam
1567,Chester
1568,Jonathan
1569,Evan
1570,Christian
1571,Cian
1572,Tex
1573,Elijah
1574,Vincent
1575,Michael
1576,Mikell
1577,Cade
1578,Brian
1579,Jordan
1580,Kyjuan
1581,Titus
1582,Henry
1583,E.J.
1584,Anthony
1585,Chase
1586,Brian
1587,Aeneas
1588,Andrew
1589,Cole
1590,Jeremiah
1591,Nick
1592,Charlie
1593,Jordan
1594,Dominique
1595,Lummie
1596,Sajid
1597,Elijah
1598,DeWayne
1599,Shaka
1600,Leonard
1601,Jake
1602,Isaiah
1603,Ben
1604,Cameron
1605,Riley
1606,Darrell
1607,Michael
1608,Da'Quan
1609,Jalon
1610,Jaylen
1611,John
1612,Dorian
1613,Jordy
1614,Caleb
1615,Graham
1616,Porter
1617,R.J.
1618,Clint
1619,Eli
1620,Gunnar
1621,Jontavis
1622,Will
1623,Carson
1624,Colby
1625,Desmond
1626,Placide
1627,Luca
1628,Jordan
1629,Ryan
1630,Nicky
1631,Malik
1632,Justin
1633,Ahmad
1634,Christian
1635,Jacob
1636,Nate
1637,Mataeo
1638,Jalen
1639,Jaylen
1640,Jarett
1641,Gary
1642,Jack
1643,Brian
1644,Jake
1645,Joshua
1646,Josh
1647,Dylan
1648,Trent
1649,Aaron
1650,Matt
1651,Ron
1652,Addison
1653,Casey
1654,Kade
1655,Maurice
1656,Jasiyah
1657,Eric
1658,Jonathan
1659,Jayden
1660,D.J.
1661,Riley
1662,Luke
1663,Marce
1664,Holton
1665,Rick
1666,Clint
1667,Myles
1668,D'Angelo
1669,Gerard
1670,Malik
1671,Teagan
1672,Demetrius
1673,Joseph
1674,Elijah
1675,Juan
1676,Keaton
1677,Jonn
1678,Shawn
1679,Jacoby
1680,Shane
1681,Bailey
1682,Teylor
1683,Aaron
1684,Ray
1685,Bruce
1686,Chad
1687,Justin
1688,Robin
1689,Xavier
1690,Kyjuan
1691,Noah
1692,Sean
1693,Ryan
1694,Zech
1695,Audie
1696,Sean
1697,Ryan
1698,Alex
1699,Avery
1700,Tyler
1701,Isaiah
1702,Jeremy
1703,Warren
1704,Tyler
1705,David
1706,Jai
1707,Lutu
1708,Owen
1709,C.J.
1710,Dre
1711,Suirad
1712,Aaron
1713,Walter
1714,Fernando
1715,Jason
1716,Nolan
1717,Xavier
1718,Damel
1719,Mason
1720,Ja'Quan
1721,Rahjai
1722,Immanuel
1723,Taji
1724,Jireh
1725,Gunnar
1726,Zackariah
1727,Carter
1728,Isaiah
1729,Freddie
1730,David
1731,Woo
1732,Mike
1733,T.J.
1734,Jordan
1735,Justin
1736,Steven
1737,Preston
1738,Jake
1739,D.J.
1740,Robert
1741,Michael
1742,Jeff
1743,Chad
1744,Mikey
1745,Bryson
1746,Richard
1747,Jarrett
1748,J.B.
1749,Melvin
1750,Tariq
1751,Jacob
1752,Samson
1753,Hassan
1754,Jake
1755,Marcellus
1756,Christophe
1757,Tanner
1758,Thomas
1759,Alex
1760,Turan
1761,Kendric
1762,Latrell
1763,Alex
1764,Luke
1765,Dennis
1766,Darius
1767,Jose
1768,Grant
1769,Kempton
1770,Broderick
1771,E.J.
1772,Jere
1773,Dylan
1774,Blake
1775,Russell
1776,Dylan
1777,Jawon
1778,Sidney
1779,Alvin
1780,Mark
1781,Aaron
1782,Shawn
1783,Cameron
1784,Zach
1785,Carter
1786,Trey
1787,Jimi
1788,Jaden
1789,Dimitri
1790,Brian
1791,Terry
1792,Ben
1793,Baron
1794,Brenton
1795,Devante
1796,Obafemi
1797,Ethan
1798,Ventrell
1799,Trey
1800,Richard
1801,Jacob
1802,Jordan
1803,Justin
1804,Ethan
1805,Anthony
1806,Marquis
1807,Richie
1808,Will
1809,Stewart
1810,Mordecai
1811,Amari
1812,Lorenzo
1813,Emory
1814,Kemore
1815,Dameon
1816,Marshawn
1817,Keon
1818,Chris
1819,Michael
1820,Princely
1821,Lloyd
1822,Kaiir
1823,Tyreak
1824,Demarkcus
1825,Scooby
1826,Carlos
1827,Derek
1828,Lacedrick
1829,Gage
1830,Gervon
1831,Donovan
1832,Rashad
1833,Jace
1834,Jason
1835,Jeremy
1836,Jean
1837,Riley
1838,Xavier
1839,Jadarrius
1840,Rick
1841,Malik
1842,Marcus
1843,Khris
1844,Jaelin
1845,Nick
1846,Kingsley
1847,Kamar
1848,Zachary
1849,Trent
1850,Josh
1851,Jalen
1852,Dante
1853,Diwun
1854,Gerald
1855,Corey
1856,Daryl
1857,Jeremiah
1858,Mohamoud
1859,Antonio
1860,Tyree
1861,Avery
1862,Daquan
1863,Corey
1864,Akeem
1865,Ryan
1866,Shyheim
1867,Demorie
1868,Baveon
1869,Brendan
1870,Thomas
1871,Dennis
1872,Robert
1873,D.J.
1874,Malik
1875,Andrew
1876,Jammie
1877,Jarrett
1878,Jermaine
1879,Jordan
1880,Jashaun
1881,Darius
1882,Patrick
1883,Darion
1884,Ira
1885,Devontay
1886,Brady
1887,Cortez
1888,Keyshawn
1889,Wyatt
1890,Amari
1891,Stephen
1892,Jordan
1893,Khi
1894,Travis
1895,Treshaun
1896,Robert
1897,Dillan
1898,Kalen
1899,Joshua
1900,McKenzie
1901,Jackson
1902,Alex
1903,Tate
1904,Lawrence
1905,Jarvis
1906,Sidney
1907,Meiko
1908,Jarrian
1909,Marcus
1910,Zane
1911,Lloyd
1912,Jordan
1913,Emmett
1914,Kentron
1915,Quashon
1916,Jarques
1917,Maurice
1918,Keir
1919,D.J.
1920,Renardo
1921,Tru
1922,Jalen
1923,Fabien
1924,Malcolm
1925,Yacob
1926,Shambre
1927,Kevin
1928,Rod
1929,Jaleel
1930,Jadarius
1931,Camren
1932,Jaylen
1933,Logan
1934,Jake
1935,Jordan
1936,Jordan
1937,Jordan
1938,Ronnie
1939,Jevon
1940,Jalen
1941,Ty
1942,Emory
1943,Jonathan
1944,Rolan
1945,Keric
1946,Zane
1947,Josh
1948,Raymond
1949,David
1950,Juan
1951,Tre
1952,Alex
1953,Dontae
1954,Jalen
1955,Elijah
1956,Dante
1957,Matt
1958,Tyrone
1959,Bula
1960,Toreon
1961,Kamron
1962,Nick
1963,Braylen
1964,Kwami
1965,Tanner
1966,Kosi
1967,Ryan
1968,Da'Marcus
1969,Jordan
1970,Kevin
1971,Matt
1972,Evan
1973,Leonard
1974,Julius
1975,Devo
1976,Emari
1977,Arron
1978,Malachi
1979,Tyson
1980,Zeke
1981,Malik
1982,Levelle
1983,Tyler
1984,Brody
1985,Deonte
1986,Jalen
1987,Elijah
1988,Wylan
1989,Randy
1990,Erik
1991,DaRon
1992,Reggie
1993,Cale
1994,Evan
1995,Steven
1996,L..J
1997,Justin
1998,Cesar
1999,Carson
2000,Mose
2001,Owen
2002,Ladd
2003,Xavian
2004,Nyland
2005,Derion
2006,Zamir
2007,Ameer
2008,Justin
2009,Jack
2010,Quay
2011,Christophe
2012,John
2013,Jamaree
2014,Devin
2015,Dominick
2016,J.T.
2017,Nakobe
2018,Carson
2019,Jordan
2020,Zion
2021,Brock
2022,Warren
2023,Jalen
2024,M.J.
2025,Smael
2026,Devonte
2027,Sedrick
2028,Travon
2029,Adonai
2030,Arian
2031,Chaz
2032,Tykee
2033,Robert
2034,Xavier
2035,Dan
2036,Stetson
2037,James
2038,Kearis
2039,Brock
2040,Daijun
2041,David
2042,Nazir
2043,Darnell
2044,Warren
2045,Jermaine
2046,Justin
2047,Marcus
2048,Adam
2049,Javon
2050,Kendall
2051,Latavious
2052,Kenny
2053,Nolan
2054,Kamari
2055,Rian
2056,Warren
2057,Channing
2058,Chad
2059,Amarius
2060,Lewis
2061,Arik
2062,George
2063,Jake
2064,Tate
2065,Kelee
2066,Jaylen
2067,Broderick
2068,Tramel
2069,Jalen
2070,Mike
2071,T.K.
2072,Kenan
2073,Juanyeh
2074,Trenilyas
2075,Kevin
2076,Wesley
2077,Dylan
2078,Leo
2079,Djimon
2080,Sylvain
2081,Tariq
2082,Jeff
2083,Tobias
2084,Miles
2085,Kenyatta
2086,Jaylon
2087,Adonicas
2088,Quez
2089,Kyle
2090,Jerry
2091,Paula
2092,Josh
2093,Khatavian
2094,Jamious
2095,Mikey
2096,Brent
2097,Tre
2098,Keion
2099,Weston
2100,Kenneth
2101,Nate
2102,Trad
2103,Jordan
2104,Dontae
2105,Jakiah
2106,Azende
2107,Derrik
2108,Jared
2109,Michael
2110,Myles
2111,Kaleb
2112,Kalani
2113,William
2114,Nick
2115,Billy
2116,Kyric
2117,Jahmyr
2118,Jordan
2119,Devin
2120,Avery
2121,Ayinde
2122,Zeek
2123,Antonneous
2124,Jordan
2125,Ja'Quon
2126,Ryan
2127,Chayden
2128,David
2129,Malachi
2130,Demetrius
2131,Ryan
2132,Kenny
2133,Jalen
2134,Jordan
2135,Makius
2136,Charlie
2137,Dylan
2138,Zamari
2139,Nick
2140,Pita
2141,Hugh
2142,Zhen
2143,Zach
2144,Von
2145,Cortez
2146,Eugene
2147,Dae Dae
2148,Ilm
2149,Zacchaeus
2150,Solo
2151,Chevan
2152,Isaiah
2153,Darius
2154,Logan
2155,Dedrick
2156,Khoury
2157,Steven
2158,Calvin
2159,Stephan
2160,Ezra
2161,Armani
2162,Penei
2163,Donovan
2164,Solo
2165,Andrew
2166,Chima
2167,Micah
2168,Jonah
2169,James
2170,Maurice
2171,Jonah
2172,Ty
2173,Matthew
2174,Austin
2175,Kauka
2176,Derek
2177,Jordan
2178,John
2179,Michael
2180,Josh
2181,Riley
2182,Blessman
2183,Jalen
2184,Justus
2185,DJuan
2186,Brayden
2187,Aaron
2188,Adam
2189,Gene
2190,Eliki
2191,Quentin
2192,Tru
2193,Mark
2194,Jalen
2195,Cameron
2196,Hekili
2197,Jonah
2198,Kohl
2199,Zion
2200,Jared
2201,Dior
2202,Colby
2203,Tay
2204,Koali
2205,Kai
2206,Caleb
2207,Mason
2208,Jamykal
2209,Garfield
2210,Thabo
2211,Marcus
2212,Jordan
2213,Latrell
2214,Sofian
2215,Shaun
2216,Garrison
2217,Amaud
2218,Derek
2219,Elijah
2220,Atlias
2221,Mark
2222,Chayse
2223,Mulbah
2224,Damarion
2225,Teshaun
2226,Jayce
2227,Shane
2228,Mannie
2229,David
2230,Cam'Ron
2231,Laine
2232,Derek
2233,Dennis
2234,JoVanni
2235,Jack
2236,D'Anthony
2237,Alex
2238,Art
2239,Nelson
2240,Nathaniel
2241,Malik
2242,Tank
2243,Reuben
2244,Maddox
2245,Jeremy
2246,Jake
2247,Justin
2248,Jalen
2249,Patrick
2250,Chidozie
2251,Peyton
2252,Logan
2253,Ike
2254,Luis
2255,Donavan
2256,Jaylen
2257,Hasaan
2258,Dalton
2259,Christian
2260,Kody
2261,Gervarrius
2262,Jordan
2263,Gleson
2264,Alton
2265,Deontay
2266,KeSean
2267,Parker
2268,Seth
2269,Jalen
2270,Max
2271,Kelan
2272,Keenan
2273,C.J.
2274,Clayton
2275,Chandler
2276,Sedrick
2277,Jonathan
2278,Nick
2279,Baer
2280,Jordan
2281,Corey
2282,KaRon
2283,DeAndre
2284,Hansky
2285,Chase
2286,Nate
2287,Xavier
2288,Trey
2289,Jaden
2290,Henry
2291,D'Marco
2292,Justin
2293,Mike
2294,Dashaun
2295,Craig
2296,Demetrius
2297,Seth
2298,Chandler
2299,Jalen
2300,Donte
2301,Ryan
2302,Brendan
2303,Miller
2304,Damion
2305,KeSean
2306,Kyle
2307,Cooper
2308,Jalen
2309,Tyler
2310,Trevor
2311,Luke
2312,Malik
2313,Christian
2314,Da'Shawn
2315,Milan
2316,D.C.
2317,Thomas
2318,Nick
2319,Christian
2320,Jacob
2321,Colston
2322,Logan
2323,DeShawn
2324,Tommy
2325,Jayden
2326,Isaiah
2327,Jahmir
2328,Travis
2329,Steven
2330,Caden
2331,Dalton
2332,Madison
2333,Caleb
2334,Ronald
2335,Jaquan
2336,T.D.
2337,Tim
2338,Anderson
2339,Troy
2340,Cole
2341,David
2342,Shaun
2343,Jordon
2344,Camerun
2345,Anderson
2346,Josh
2347,Devon
2348,Tony
2349,Brody
2350,Blake
2351,Prather
2352,Deuce
2353,Alex
2354,Donny
2355,Zach
2356,Reggie
2357,Sed
2358,Jordyn
2359,Tahveon
2360,Jamal
2361,Josh
2362,D.J.
2363,Owen
2364,Casey
2365,Vederian
2366,Khalan
2367,Evan
2368,Keith
2369,Julian
2370,Kenenna
2371,Joriell
2372,Sydney
2373,Kerby
2374,Isaiah
2375,Kendall
2376,Jake
2377,Zachary
2378,Artur
2379,Moses
2380,Caleb
2381,Brandon
2382,Luke
2383,Verdis
2384,Jartavius
2385,Josh
2386,Kionte
2387,Tommy
2388,Alec
2389,Ezekiel
2390,Hugh
2391,James
2392,Miles
2393,Daniel
2394,Doug
2395,Tip
2396,Carlos
2397,Samari
2398,Daniel
2399,Dalevon
2400,Tyler
2401,Roderick
2402,Jack
2403,Eddie
2404,Chase
2405,Pat
2406,Alex
2407,Calvin
2408,Josh
2409,Isaiah
2410,Seth
2411,Tarique
2412,Prince
2413,Shammond
2414,Blake
2415,McCall
2416,Bryant
2417,Zach
2418,Charles
2419,Jaylin
2420,Beau
2421,Maurice
2422,Ty
2423,Josh
2424,Cooper
2425,Aaron
2426,Jacolby
2427,Jordyn
2428,C.J.
2429,Matt
2430,Ryder
2431,Larry
2432,D.K.
2433,Jaquez
2434,Lem
2435,Tim
2436,Jaren
2437,Sio
2438,Cam
2439,Alfred
2440,Weston
2441,Aaron
2442,Micah
2443,Mike
2444,Christophe
2445,Jordan
2446,James
2447,Raheem
2448,Vinny
2449,Davion
2450,Stephen
2451,Ty
2452,Donaven
2453,David
2454,Brady
2455,Matthew
2456,Aidan
2457,Devon
2458,Randy
2459,Charlie
2460,Noah
2461,Juwan
2462,Jack
2463,A.J.
2464,Cameron
2465,James
2466,D.J.
2467,Miles
2468,Malachi
2469,Michael
2470,Chris
2471,Trent
2472,Javon
2473,Peyton
2474,Reese
2475,Tiawan
2476,Dylan
2477,Luke
2478,Cameron
2479,Demarcus
2480,Caleb
2481,Bryson
2482,Joshua
2483,Marcelino
2484,Diante
2485,Kyler
2486,Matt
2487,Justin
2488,Jack
2489,Noah
2490,Charlie
2491,Matt
2492,Lukas
2493,Sebastian
2494,David
2495,Leshon
2496,Deuce
2497,Riley
2498,Tyler
2499,Brenden
2500,Turner
2501,Dane
2502,Cooper
2503,Deontae
2504,Jack
2505,Mason
2506,John
2507,Zach
2508,Chris
2509,Tyrone
2510,Seth
2511,Yahya
2512,Joe
2513,Caleb
2514,Justice
2515,Tyler
2516,Gavin
2517,Jack
2518,Logan
2519,Terry
2520,Nick
2521,A.J.
2522,Ethan
2523,Aaron
2524,Jay
2525,Jermari
2526,Nico
2527,Kyler
2528,Cody
2529,Kaevon
2530,Deavin
2531,Keagan
2532,Quinn
2533,Connor
2534,Tyler
2535,Isaiah
2536,Logan
2537,Jestin
2538,Luke
2539,Spencer
2540,Desmond
2541,Jackson
2542,Ivory
2543,Arland
2544,Tory
2545,Reggie
2546,Elijah
2547,Josh
2548,Alex
2549,Michael
2550,Monte
2551,Sam
2552,Jaden
2553,Hunter
2554,Jabril
2555,Craig
2556,Sean
2557,Jaquan
2558,Joe
2559,Eyioma
2560,Tyler
2561,Malik
2562,Tayvonn
2563,T.J.
2564,Datrone
2565,Myles
2566,Trevor
2567,Mason
2568,Ezeriah
2569,Connor
2570,Aric
2571,J.R.
2572,Corey
2573,Zach
2574,Johnny
2575,Blake
2576,Darien
2577,Zak
2578,Jake
2579,Cole
2580,Colin
2581,Isaiah
2582,Corey
2583,Ryan
2584,Isheem
2585,Gerry
2586,Carston
2587,Sam
2588,Tucker
2589,Derek
2590,Xavier
2591,Darrell
2592,Beau
2593,Easton
2594,Greg
2595,Chase
2596,Darren
2597,Jaylin
2598,D.J.
2599,Tyler
2600,Jared
2601,Tarique
2602,Jim
2603,Breece
2604,Sean
2605,Deon
2606,Hayden
2607,Tyler
2608,Eli
2609,Brock
2610,Mike
2611,Jarrod
2612,Jake
2613,Joey
2614,Daniel
2615,Kim
2616,Will
2617,Aidan
2618,Charlie
2619,Anthony
2620,Howard
2621,Dodge
2622,Zion
2623,Jalon
2624,Devin
2625,Daniel
2626,Sam
2627,Gavin
2628,Torry
2629,Caleb
2630,Kenean
2631,Eddie
2632,Caleb
2633,Bryce
2634,Trevor
2635,Jacobee
2636,Jack
2637,Alonso
2638,Kenny
2639,Trey
2640,Rich
2641,Majik
2642,O.J.
2643,Mason
2644,Steven
2645,Michael
2646,Reis
2647,Jay
2648,Jayson
2649,Taiwan
2650,Jeremy
2651,Cam'Ron
2652,Earl
2653,Steven
2654,DeVonte
2655,Adagio
2656,Edwin
2657,Malik
2658,Ronald
2659,Jacob
2660,Will
2661,Ben
2662,Nick
2663,Cornell
2664,Colin
2665,Corey
2666,D'Marion
2667,Donovan
2668,Mike
2669,Krishawn
2670,Tristan
2671,Kedrick
2672,Conrad
2673,Johnquai
2674,Kyron
2675,Malcolm
2676,Chris
2677,Duece
2678,Kwamie
2679,Nate
2680,Armaj
2681,Trevor
2682,Amauri
2683,Nico
2684,Jason
2685,Luke
2686,Jelani
2687,Ricky
2688,Miles
2689,Ben
2690,Lawrence
2691,Noah
2692,Malik
2693,K.T.
2694,Tee
2695,Ross
2696,Sammy
2697,Robert
2698,Carver
2699,Timmy
2700,Skylar
2701,Kirmari
2702,Nick
2703,Chabastin
2704,Joe
2705,Cooper
2706,Brayden
2707,Jack
2708,Deuce
2709,Hadley
2710,Krew
2711,Kade
2712,Nate
2713,Ben
2714,Cody
2715,Austin
2716,Eli
2717,Hayden
2718,Nick
2719,Daniel
2720,Bronson
2721,Jaren
2722,Landry
2723,Ryan
2724,Ekow
2725,Dawson
2726,Phillip
2727,Justin
2728,Ty
2729,Willie
2730,Davonte
2731,Wayne
2732,Jacardia
2733,Hunter
2734,Khalid
2735,Keenan
2736,Julius
2737,Reggie
2738,R.J.
2739,Devrin
2740,Daniel
2741,Marvin
2742,Jax
2743,Eric
2744,Darell
2745,Logan
2746,Andrew
2747,Christian
2748,Felix
2749,Josh
2750,Spencer
2751,T.J.
2752,Cartez
2753,Jaylen
2754,Will
2755,Omar
2756,Russ
2757,Jake
2758,Tyrone
2759,Jahron
2760,Zach
2761,Marcellus
2762,Adin
2763,Bryan
2764,Antwaine
2765,Asher
2766,Elijah
2767,Mason
2768,Daniel
2769,Collin
2770,Leon
2771,Zayin
2772,Nico
2773,Khalib
2774,Montre
2775,Richie
2776,Savion
2777,Mandela
2778,Aaron
2779,Daniel
2780,Mark
2781,Eijah
2782,Elvis
2783,Macyo
2784,C.J.
2785,Marquez
2786,Griffin
2787,Dante
2788,Brandon
2789,Matt
2790,Andrew
2791,Josh
2792,Ian
2793,Dustin
2794,Sekou
2795,Marvin
2796,Thor
2797,Adam
2798,Jabbar
2799,Jack
2800,Bill
2801,Raymond
2802,Kesean
2803,Mario
2804,A.J.
2805,Nathan
2806,Al
2807,Luke
2808,Capone
2809,C.J.
2810,Adam
2811,Joachim
2812,Owen
2813,Antoine
2814,Heskin
2815,Devontrez
2816,Jack
2817,Dean
2818,Xavier
2819,Keenan
2820,Isaac
2821,Marcus
2822,Sam
2823,Nykeim
2824,Michael
2825,Kris
2826,Juan
2827,Keith
2828,Shane
2829,Quintin
2830,Josaih
2831,Rahsaan
2832,John
2833,Keaton
2834,Moses
2835,Philip
2836,Vito
2837,Marquan
2838,Brenden
2839,Jeremy
2840,JuTahn
2841,Isaiah
2842,Dekel
2843,Taj
2844,Nik
2845,DeMarcus
2846,Beau
2847,Travis
2848,Octavious
2849,K.D.
2850,Matt
2851,Darian
2852,Justin
2853,Michael
2854,Luke
2855,Trevin
2856,Justice
2857,Jalen
2858,Austin
2859,Jacquez
2860,Yusuf
2861,Wilson
2862,Carrington
2863,Kaiya
2864,Will
2865,J.J.
2866,Josh
2867,Abule
2868,Martez
2869,Jager
2870,Kenneth
2871,Justin
2872,Jared
2873,Deondre
2874,Sam
2875,Eli
2876,Tae Tae
2877,Marquez
2878,Andru
2879,Kavosiey
2880,Izayah
2881,Quandre
2882,Felipe 
2883,Davonte
2884,Chris
2885,Adrian
2886,Isaiah
2887,Cedrick
2888,Tre'Von
2889,Josh
2890,Dare
2891,Jordan
2892,Jordan
2893,DeAndre
2894,Kahil
2895,Chris
2896,Tyrell
2897,Joel
2898,Deshon
2899,Samuel
2900,Biron
2901,Cedric
2902,Ray
2903,Brodrick
2904,Aaron
2905,Tyler
2906,Demarcus
2907,Carson
2908,Elijah
2909,Bub
2910,Keivie
2911,Cesar
2912,Erron
2913,Bee Jay
2914,Trey
2915,Allen
2916,Samuel
2917,Harlan
2918,Caleb
2919,Jacob
2920,Isaiah
2921,Dakota
2922,Khiry
2923,Griffin
2924,Keyon
2925,Tristan
2926,Tahj
2927,Eric
2928,Marquis
2929,Kershawn
2930,Kody
2931,Carson
2932,Myles
2933,D.J.
2934,Joren
2935,Greg
2936,Jamison
2937,Eric
2938,Zeno
2939,Rasheed
2940,Chris
2941,Jaiden
2942,Marqualliu
2943,Mykol
2944,Joshua
2945,Abraham
2946,Levi
2947,Ben
2948,Jawaun
2949,Kyle
2950,Kelton
2951,Jerren
2952,Willie
2953,Baylen
2954,Smoke
2955,Joseph
2956,Austin
2957,Khalil
2958,Maki
2959,Solomon
2960,J.D.
2961,Marcus
2962,Jacob
2963,Tre
2964,D.J.
2965,Ezekiel
2966,Luke
2967,Joshua
2968,Kani
2969,Jordan
2970,Austin
2971,Tyler
2972,Yasir
2973,Renato
2974,Trevion
2975,T.J.
2976,Dayna
2977,Josh
2978,Jared
2979,Cole
2980,K.J.
2981,Derek
2982,Tim
2983,Trey
2984,Isaac
2985,Maurice
2986,Benjamin
2987,Derrick
2988,Ja'Darien
2989,Luke
2990,Jaelin
2991,Kobe
2992,Dorian
2993,Malik
2994,Victor
2995,Hassan
2996,Kenderick
2997,Mark
2998,Michael
2999,Ahmari
3000,Jaylin
3001,Aidan
3002,Bryan
3003,Moses
3004,Nick
3005,Marvin
3006,Victoine
3007,Chandler
3008,Dezmond
3009,Caleb
3010,Ashton
3011,Braden
3012,Ramon
3013,Qwynnterri
3014,Dez
3015,Jacquies
3016,Monty
3017,Trevor
3018,Zay
3019,Marshon
3020,Josh
3021,Henry
3022,Malik
3023,Greedy
3024,Nick
3025,Jalen
3026,James
3027,Francis
3028,Justin
3029,Kameron
3030,Adonis
3031,Evan
3032,Shai
3033,Jack
3034,C.J.
3035,YaYa
3036,Liam
3037,Jaray
3038,Desmond
3039,Damone
3040,Damarius
3041,Armoni
3042,Micah
3043,Trey
3044,Darren
3045,Ali
3046,Peyton
3047,Xavier
3048,Cade
3049,Todd
3050,Antoine
3051,Garrett
3052,Maason
3053,Malik
3054,Chris
3055,Derek
3056,Andre
3057,Soni
3058,Brian
3059,Kole
3060,Marlon
3061,Cordale
3062,Marcus
3063,Garrett
3064,Jared
3065,Cameron
3066,Jack
3067,Jay
3068,Corey
3069,Dwight
3070,Kayshon
3071,Neil
3072,Ed
3073,Cameron
3074,John
3075,Anthony
3076,B.J.
3077,Glen
3078,Derrick
3079,Landon
3080,Sage
3081,Devonta
3082,Ray
3083,Saivion
3084,Jaquelin
3085,Jarell
3086,Max
3087,Josh
3088,Pig
3089,Mike
3090,Chasen
3091,Avery
3092,Jack
3093,Major
3094,Joseph
3095,Jordan
3096,Jontre
3097,Phillip
3098,Eli
3099,Charles
3100,Deion
3101,Tyrion
3102,Jacobian
3103,Austin
3104,Niles
3105,Jack
3106,Sheldon
3107,Eric
3108,Josh
3109,Stone
3110,Joshua
3111,Nazeeh
3112,Ethan
3113,Owen
3114,Garet
3115,Shadeed
3116,Rodney
3117,Elijah
3118,Dalton
3119,Esaias
3120,Naquan
3121,James
3122,Daytona
3123,Amir
3124,E.J.
3125,JD
3126,Chancellor
3127,Abraham
3128,Immanuel
3129,Koby
3130,Shane
3131,Kendrick
3132,Will
3133,Rye
3134,Ethan
3135,Charlie
3136,Miles
3137,T.J.
3138,Logan
3139,JoJo
3140,Sam
3141,Kerion
3142,Robert
3143,Jeremy
3144,Micah
3145,Tyriek
3146,Xavier
3147,Brandon
3148,Jacob
3149,Jayshaun
3150,Daniel
3151,Chris
3152,Cory
3153,E.J.
3154,Shane
3155,Kyron
3156,Alex
3157,Steven
3158,Brian
3159,Willie
3160,Jamare
3161,Alex
3162,Hayden
3163,Devin
3164,Grant
3165,Rasheen
3166,Corey
3167,Cam
3168,Caleb
3169,Eli
3170,Luke
3171,Jack
3172,Talik
3173,Charles
3174,Rex
3175,Mosiah
3176,Gereme
3177,Najae
3178,Branden
3179,Mason
3180,Gabe
3181,Taizse
3182,Jaelyn
3183,Khristophe
3184,C.J.
3185,Corey
3186,Greg
3187,Demeioun
3188,Marcus
3189,Ami
3190,Lawtez
3191,Deonte
3192,Reece
3193,Joseph
3194,Deajaun
3195,Glendon
3196,Anthony
3197,Johari
3198,Jeshaun
3199,Ruben
3200,Taulia
3201,Jordan
3202,Corey
3203,Dino
3204,Andre
3205,Amelio
3206,Terrence
3207,Eric
3208,Jakorian
3209,Sam
3210,Ahmad
3211,Carlos
3212,Dontay
3213,Colby
3214,Weston
3215,Harrison
3216,Devyn
3217,Spencer
3218,Charles
3219,Durell
3220,Peny
3221,Darryl
3222,Beau
3223,Dante
3224,Rakim
3225,Deshawn
3226,Marcus
3227,Isaiah
3228,Zach
3229,Tyler
3230,Delmar
3231,Tayon
3232,Kenny
3233,Anthony
3234,David
3235,Evan
3236,Brian
3237,Callie
3238,Mitchell
3239,Challen
3240,Riley
3241,Kobi
3242,Talib
3243,Devonte
3244,Dylan
3245,Greg
3246,Eric
3247,Marquavius
3248,J.J.
3249,Quindell
3250,Tyrez
3251,Cameron
3252,Roc
3253,Javon
3254,Royce
3255,Michael
3256,Brackston
3257,Khi
3258,Maurice
3259,Rodrigo
3260,Evan
3261,Calvin
3262,Kylan
3263,Sean
3264,Cole
3265,Seth
3266,Santi
3267,Jaylon
3268,Cameron
3269,Sylvonta
3270,Andrew
3271,Cam'Ron
3272,Matt
3273,Zy
3274,Len
3275,Dedrick
3276,Eddie
3277,John
3278,Drew
3279,Morris
3280,Kayode
3281,Tyrell
3282,John
3283,Joe
3284,Joshua
3285,Julian
3286,Noah
3287,Olaf
3288,Jacob
3289,Asa
3290,Jacobi
3291,Jakari
3292,Austin
3293,Isaac
3294,Jalil
3295,Peter
3296,Jonah
3297,Keith
3298,Meonta
3299,Thomas
3300,Caden
3301,Wardalis
3302,Koby
3303,Gabriel
3304,Pedro
3305,Javon
3306,Brandon
3307,Devontae
3308,Zion
3309,Greg
3310,Grant
3311,Rodney
3312,Avery
3313,Corey
3314,Sam
3315,Jahfari
3316,Will
3317,Bradley
3318,Ryan
3319,Issiah
3320,Leonard
3321,Thomas
3322,Peyton
3323,Jalen
3324,Elijah
3325,Xavier
3326,DeAndre
3327,Donald
3328,DeMarco
3329,Jaylan
3330,Jacolby
3331,Andres
3332,Zion
3333,Jake
3334,Jade
3335,Jared
3336,Jordan
3337,Cory
3338,Keyshawn
3339,Gordon
3340,Charleston
3341,Keontra
3342,Jakai
3343,Bubba
3344,Lou
3345,Cleveland
3346,D'Eriq
3347,Tyrique
3348,Wayne
3349,Isaiah
3350,Romello
3351,Zach
3352,Marcus
3353,Gilbert
3354,D.J.
3355,James
3356,Amari
3357,Al
3358,Avantae
3359,Tirek
3360,Brashard
3361,Mike
3362,Michael
3363,Thaddius
3364,Kahlil
3365,Tyler
3366,Chantz
3367,Justice
3368,Brian
3369,Cory
3370,Laurance
3371,Kamren
3372,Larry
3373,Elijah
3374,D.J.
3375,Chase
3376,Ousman
3377,Jonathan
3378,Cam'Ron
3379,Jarrid
3380,Cody
3381,Rhett
3382,Kobe
3383,Ryan
3384,Kenny
3385,Caiden
3386,Kameron
3387,John
3388,Pete
3389,C.J.
3390,Ja'Von
3391,Ben
3392,Trevon
3393,Jacob
3394,David
3395,Devon
3396,Cedric
3397,Mehki
3398,Jalen
3399,Ryan
3400,Andrew
3401,Lonnie
3402,Camden
3403,Nasir
3404,Josh
3405,Sean
3406,Cecil
3407,A.J.
3408,James
3409,Matthew
3410,Luke
3411,Reid
3412,Ivan
3413,Keyon
3414,T.J.
3415,Ben
3416,Dom
3417,Brody
3418,Sam
3419,Austin
3420,Mike
3421,Aveon
3422,Jacquez
3423,Caleb
3424,Andrew
3425,Caleb
3426,Tyre
3427,Jack
3428,Corban
3429,Nate
3430,Kevin
3431,Jaylon
3432,Brett
3433,Kolby
3434,Jack
3435,Jayden
3436,Rusty
3437,Caleb
3438,Austin
3439,Mac
3440,Kyle
3441,Ryan
3442,Ryan
3443,Anthony
3444,Dominic
3445,Kamell
3446,Bennett
3447,Dominique
3448,Sterling
3449,Graham
3450,Chuck
3451,Greg
3452,Mazi
3453,A.J.
3454,Matthew
3455,J.J.
3456,Karsen
3457,Gemon
3458,Jordan
3459,Quinten
3460,Rayshaun
3461,Giovanni
3462,Julius
3463,Zak
3464,Taylor
3465,Anthony
3466,Ike
3467,Jalen
3468,Jake
3469,Blake
3470,Junior
3471,Jordan
3472,Brad
3473,Cade
3474,Hassan
3475,George
3476,Joel
3477,Darion
3478,Donovan
3479,Dan
3480,Cornelius
3481,Andre
3482,Jess
3483,Mike
3484,Jaylen
3485,Brad
3486,George
3487,Daylen
3488,Donovan
3489,Kalel
3490,Cristian
3491,Rod
3492,Luke
3493,Caden
3494,Braiden
3495,Vincent
3496,Josh
3497,Erick
3498,Roman
3499,R.J.
3500,Makari
3501,Andrel
3502,Nikhai
3503,D.J.
3504,Ronnie
3505,David
3506,Ryan
3507,Tavierre
3508,Andrew
3509,Trente
3510,Andrew
3511,Aidan
3512,Daxton
3513,Trevor
3514,Mike
3515,Christophe
3516,Kris
3517,Michael
3518,Reece
3519,Terry
3520,Jacub
3521,Xavier
3522,A.J.
3523,James
3524,Bryce
3525,Darius
3526,Emmanuel
3527,Cal
3528,Dashaun
3529,Connor
3530,Chester
3531,Kendall
3532,Nick
3533,Tate
3534,Dan
3535,Angelo
3536,Simeon
3537,Jalen
3538,Elijah
3539,Ronald
3540,Drew
3541,Khary
3542,Maverick
3543,Jack
3544,Jordon
3545,Matt
3546,Matt
3547,Michael
3548,J.D.
3549,Charles
3550,Hamp
3551,Brandon
3552,Ma
3553,Ben
3554,Tyler
3555,Noah
3556,Jeff
3557,Trenton
3558,Anthony
3559,Matt
3560,Itayvion
3561,Blake
3562,Luke
3563,Parks
3564,A.J.
3565,Kameron
3566,Kevin
3567,Drew
3568,Keon
3569,Quavaris
3570,Spencer
3571,Montorie
3572,Michael
3573,Noah
3574,Tre
3575,Justin
3576,Jarrett
3577,Jacob
3578,Maliq
3579,Kenneth
3580,Ian
3581,Christian
3582,Marqui
3583,Jalen
3584,Cole
3585,Harold
3586,Payton
3587,Jayden
3588,Jordan
3589,Tra
3590,Jalen
3591,Amir
3592,Teldrick
3593,Deidrick
3594,Jalen
3595,Eric
3596,Vincent
3597,Reed
3598,Yusuf
3599,Deonte
3600,D.Q.
3601,Quincy
3602,Mike
3603,Cody
3604,Terry
3605,Martell
3606,Netori
3607,Gregory
3608,Zaylin
3609,Jahlil
3610,Kyle
3611,Ralph
3612,Wilson
3613,Marley
3614,James
3615,Drew
3616,JaMichael
3617,Jamari
3618,Decorian
3619,Chaton
3620,Kerry
3621,Wayne
3622,Jarrin
3623,Jonathan
3624,Jaylin
3625,Tyler
3626,Steven
3627,Cedric
3628,Lance
3629,Marquel
3630,Marvin
3631,Dorian
3632,Zeke
3633,Elijah
3634,Davon
3635,Jorden
3636,Raquon
3637,Will
3638,Frank
3639,Darius
3640,Tyrece
3641,Nicholas
3642,Marcus
3643,Javonte
3644,C.J.
3645,Jacqui
3646,Jordan
3647,Jurriente
3648,Jimmy
3649,Raheme
3650,Brad
3651,J.R.
3652,Jordan
3653,Chase
3654,D.J.
3655,Richard
3656,Marcus
3657,Tyler
3658,Joe
3659,Michael
3660,M.J.
3661,Calvin
3662,Daniel
3663,Logan
3664,Tom
3665,Boye
3666,Mike
3667,Miles
3668,Justus
3669,Ko
3670,Nathan
3671,Coney
3672,Justin
3673,Thomas
3674,Dylan
3675,Nyles
3676,Douglas
3677,Cody
3678,J.J.
3679,Darius
3680,Karter
3681,Matthew
3682,Brady
3683,Terell
3684,Tremon
3685,Blaise
3686,Braelen
3687,Cole
3688,Sam
3689,Mark
3690,Tanner
3691,Zack
3692,Steven
3693,Victor
3694,Mariano
3695,Bryce
3696,Jordan
3697,Martes
3698,Jacob
3699,Daniel
3700,Donald
3701,Jack
3702,Gage
3703,Solomon
3704,Esezi
3705,Conner
3706,Jaqwondis
3707,Brevyn
3708,Marvin
3709,Jalen
3710,Axel
3711,Chris
3712,Phillip
3713,Lemeke
3714,Micah
3715,Ky
3716,D.J.
3717,Danny
3718,Athan
3719,Nick
3720,Austin
3721,Brock
3722,Trey
3723,Val
3724,Rashad
3725,Tyler
3726,Grant
3727,Albert
3728,Kameron
3729,Landon
3730,Christian
3731,Jay
3732,Chance
3733,Kyle
3734,Jack
3735,Izuchukwu
3736,Aaron
3737,Makai
3738,Kwame
3739,Nathan
3740,Dillon
3741,Jaylon
3742,Cole
3743,Esaias
3744,Malik
3745,Cameron
3746,Jalen
3747,Collin
3748,Rufus
3749,J.P.
3750,C.J.
3751,Scott
3752,Nick
3753,Nathaniel
3754,Tyrus
3755,Monty
3756,Deshawn
3757,Caleb
3758,J.J.
3759,Sherman
3760,Ty
3761,Shawn
3762,Jevon
3763,Lideatrick
3764,Sawyer
3765,Calvin
3766,Decamerion
3767,Reed
3768,Jaden
3769,Corey
3770,Jamire
3771,Rara
3772,Tucker
3773,Jett
3774,Carson
3775,Aaron
3776,Janari
3777,Randy
3778,Armondous
3779,Cordavien
3780,LaQuinston
3781,Jordan
3782,Jaden
3783,Charles
3784,Jack
3785,Sean
3786,Fred
3787,Dylan
3788,Quinton
3789,Martin
3790,Austin
3791,Brandon
3792,John
3793,Emmanuel
3794,Will
3795,Shawn
3796,Arden
3797,Jalani
3798,Realus
3799,Akayleb
3800,Chris
3801,Allie
3802,Chris
3803,Tyler
3804,Connor
3805,Mekhi
3806,Case
3807,Dameon
3808,Ennis
3809,Ish
3810,Barrett
3811,Daniel
3812,Taj
3813,Devin
3814,Dawson
3815,Ky
3816,Darius
3817,Dominic
3818,Bobby
3819,E.J.
3820,Hyrin
3821,Zeke
3822,Simi
3823,Daniel
3824,Tyler
3825,Xavier
3826,Keke
3827,Akial
3828,Tauskie
3829,Zach
3830,Davion
3831,Chad
3832,Stacy
3833,Micah
3834,Harrison
3835,Michael
3836,Trajan
3837,Isaiah
3838,Johnny
3839,Drake
3840,Connor
3841,Luke
3842,Michael
3843,Tyler
3844,Blaze
3845,Daylan
3846,Cannon
3847,Kris
3848,Kobie
3849,Jatorian
3850,Elijah
3851,Niko
3852,Mookie
3853,Javon
3854,J.J.
3855,Jaylon
3856,Chance
3857,Brady
3858,Martez
3859,Grant
3860,Travion
3861,Messiah
3862,Connor
3863,Griffin
3864,Pierce
3865,Nicolas
3866,Pryson
3867,Chance
3868,Taylor
3869,Kevin
3870,Amin
3871,Mbiti
3872,Donald
3873,Alefosio
3874,Mitchell
3875,Bijan
3876,Diego
3877,Jacob
3878,Isaac
3879,Trent
3880,Rauyan
3881,Ahmad
3882,Max
3883,James
3884,Colin
3885,Joshua
3886,Jayden
3887,Daniel
3888,Daniel
3889,Daniel
3890,Clay
3891,Johnny
3892,Khalil
3893,Nicholas
3894,Jamie
3895,John
3896,Sam
3897,John
3898,Jake
3899,John
3900,Deondrae
3901,Tyger
3902,Jarius
3903,Mitchell
3904,Romaine
3905,Mike
3906,Michael
3907,Willie
3908,Tausili
3909,John
3910,Joshua
3911,Darrellson
3912,Chaisen
3913,Max
3914,Kip
3915,Marcell
3916,Xavier
3917,Xavier
3918,Bryce
3919,Nick
3920,Liam
3921,Mark
3922,Derek
3923,Dre
3924,Carlinos
3925,Chris
3926,Tai
3927,Zachary
3928,Jamal
3929,Maasai
3930,Luke
3931,Mychal
3932,Will
3933,Marques
3934,Luke
3935,Will
3936,JoJo
3937,Tamon
3938,Rahmir
3939,Brendan
3940,Teddy
3941,Chris
3942,Matt
3943,William
3944,Garrett
3945,Deontai
3946,Ezra
3947,Marquel
3948,Adrian
3949,Ty
3950,Pep
3951,Sandy
3952,Aron
3953,Damion
3954,Casey
3955,Nash
3956,Braxton
3957,Thomas
3958,Ben
3959,Will
3960,Malik
3961,Omar
3962,Oliver
3963,Heinrich
3964,Deontre
3965,Brant
3966,Damian
3967,Gabe
3968,Wyatt
3969,Cam
3970,Garrett
3971,Chris
3972,Travis
3973,Michael
3974,Nick
3975,Broc
3976,Pheldarius
3977,Bryce
3978,Shawn
3979,Austin
3980,Cam
3981,Turner
3982,Trent
3983,Jimari
3984,Henry
3985,Isaac
3986,Levi
3987,Ethan
3988,Samori
3989,Connor
3990,Logan
3991,Jordon
3992,Brody
3993,James
3994,Noa
3995,Caleb
3996,Jaquez
3997,Quinton
3998,Tyreke
3999,Myles
4000,Blaise
4001,Zavier
4002,Carson
4003,Nate
4004,Avery
4005,Toa
4006,Terrell
4007,Devonte
4008,Justin
4009,Jamaal
4010,Elijah
4011,Romeo
4012,Jacques
4013,Melquan
4014,Tory
4015,Cole
4016,Harry
4017,Carlton
4018,Reagan
4019,Jake
4020,Grant
4021,Dominic
4022,Jermaine
4023,Jacob
4024,Gray
4025,Tyler
4026,Trey
4027,Andrew
4028,Moses
4029,Jacob
4030,Aaron
4031,Drew
4032,Frank
4033,Jack
4034,Tristan
4035,Dom
4036,Sam
4037,Kameron
4038,Daniel
4039,Amir
4040,Travis
4041,Zak
4042,Christian
4043,Christophe
4044,Lamin
4045,Josiah
4046,Davion
4047,Naki
4048,Lawson
4049,Trevor
4050,Dwight
4051,Breylon
4052,Chad
4053,Devin
4054,Bentlee
4055,Jaden
4056,Berdale
4057,Daiyan
4058,Isaiah
4059,A.J.
4060,Jayce
4061,Emany
4062,Zach
4063,JoJuan
4064,Jordan
4065,Wesley
4066,Avery
4067,Tyson
4068,Brandon
4069,Julian
4070,Clay
4071,Radson
4072,Langston
4073,Zarak
4074,Mathias
4075,Alec
4076,Patrick
4077,Corey
4078,Tavian
4079,Omar
4080,A.J.
4081,Reco
4082,Dion
4083,Antonio
4084,Bobby
4085,Aaron
4086,Kyle
4087,Jake
4088,Keyonta
4089,Adam
4090,Andrell
4091,Ronald
4092,Trae
4093,Austin
4094,Joey
4095,Bryce
4096,Isaiah
4097,Jaden
4098,Isaak
4099,Devin
4100,Trace
4101,Kaz
4102,Nic
4103,Greg
4104,Leke
4105,Jack
4106,Cody
4107,Ben
4108,Kyler
4109,Mannie
4110,C.J.
4111,Donte
4112,Connor
4113,Andrew
4114,Chad
4115,Justin
4116,Bobby
4117,Shon
4118,Walter
4119,Joshua
4120,Elijah
4121,O.J.
4122,Tony
4123,Quinn
4124,Ray
4125,Ben
4126,Jerrick
4127,Kyle
4128,Cade
4129,Jace
4130,Luke
4131,Jordan
4132,Terry
4133,Andrew
4134,Connor
4135,Caleb
4136,Jerry
4137,Aaron
4138,CJ
4139,Syaire
4140,Silas
4141,Derrick
4142,Chris
4143,Dirk
4144,Myles
4145,Isaac
4146,Ty
4147,Patrick
4148,Jared
4149,Braylon
4150,Emmanuel
4151,Rakim
4152,Braydon
4153,Tyler
4154,Enock
4155,Dre
4156,Tre
4157,Jordan
4158,Amadou
4159,Reese
4160,Jeffrey
4161,Kennedy
4162,Tyler
4163,Darius
4164,Alex
4165,Jameson
4166,Kameren
4167,Brayden
4168,Willie
4169,Bryce
4170,Kendrick
4171,Rolan
4172,Travis
4173,Willie
4174,Max
4175,Joah
4176,Antoine
4177,Donnell
4178,Charles
4179,Kyron
4180,Steven
4181,Tyson
4182,Jerrod
4183,Grayson
4184,C.J.
4185,Greg
4186,Tobias
4187,T.J.
4188,Isaiah
4189,Isaiah
4190,Aaron
4191,Teddy
4192,Marion
4193,J.T.
4194,Kameron
4195,Tom
4196,Manny
4197,Malachi
4198,E.J.
4199,Will
4200,Mateo
4201,Jaivon
4202,Sam
4203,Charles
4204,Jared
4205,Sherman
4206,Massimo
4207,Josaiah
4208,Trey
4209,Dontavius
4210,Josh
4211,J.J.
4212,Tony
4213,Cayden
4214,Chris
4215,Gabe
4216,Antoine
4217,Tomari
4218,Tyrone
4219,Desmond
4220,Tomon
4221,DeAndre
4222,Grayson
4223,Jake
4224,Jake
4225,Ty
4226,Stephen
4227,Kobe
4228,Cam'Ron
4229,Don
4230,Raymond
4231,Elijah
4232,Jordan
4233,Power
4234,Gavin
4235,Jahlil
4236,Marcus
4237,Kedrick
4238,Jeremiah
4239,Eugene
4240,Kendall
4241,Prince
4242,Kyler
4243,Ben
4244,Cameron
4245,D.J.
4246,Kaimon
4247,Wyatt
4248,Sam
4249,Eli
4250,Cedric
4251,Asim
4252,Jonathan
4253,Rara
4254,Justin
4255,Keeshawn
4256,Trey
4257,Brian
4258,Daniel
4259,Giovanni
4260,Beau
4261,Kevin
4262,John
4263,Bryson
4264,Myles
4265,Jonathan
4266,Lex
4267,Garrett
4268,Drake
4269,Ed
4270,Peter
4271,Joshua
4272,William
4273,Kamari
4274,Caleb
4275,Dontae
4276,Obi
4277,Perry
4278,Porter
4279,Derrick
4280,Shyheim
4281,Aaron
4282,Cory
4283,Jake
4284,Drake
4285,Derrek
4286,Savion
4287,Chris
4288,Timothy
4289,Lyndon
4290,Jayland
4291,Tyler
4292,Jonny
4293,Ben
4294,Julian
4295,C.J.
4296,Keyon
4297,Trent
4298,Dylan
4299,Anthony
4300,Val
4301,Khalid
4302,Christophe
4303,Payton
4304,Devin
4305,Trenton
4306,Nehki
4307,Grant
4308,C.J.
4309,Cyriel
4310,Cyrus
4311,Tanner
4312,Anthony
4313,Caden
4314,Jaylon
4315,Devon
4316,Kameron
4317,Danny
4318,Chandler
4319,Joshua
4320,Sean
4321,Bryson
4322,Rakeim
4323,Andrew
4324,Jasiah
4325,Joshua
4326,Emeka
4327,Devin
4328,Thayer
4329,Anthony
4330,Isaiah
4331,Ricky
4332,Jordan
4333,Tyrone
4334,Dylan
4335,Cecil
4336,Ibrahim
4337,Ikem
4338,Daniel
4339,Terrell
4340,Ethan
4341,Christophe
4342,Dan
4343,Aydan
4344,Davin
4345,Patrick
4346,Jordan
4347,Dallas
4348,Ridge
4349,Damon
4350,Christian
4351,Grayson
4352,Jordan
4353,Mike
4354,Caleb
4355,Dane
4356,Chris
4357,Ethan
4358,Dayton
4359,Bryson
4360,Detraveon
4361,Khatib
4362,Jason
4363,Chris
4364,Sean-Thoma
4365,Jace
4366,Quinn
4367,Zhighlil
4368,Star
4369,Roderick
4370,Jett
4371,Tommy
4372,DeShawn
4373,Cole
4374,Oscar
4375,Roderic
4376,Kevin
4377,Daizion
4378,Jordan
4379,Davontae
4380,Harold
4381,Ayo
4382,Asher
4383,Jacob
4384,Caleb
4385,Isaiah
4386,Caleb
4387,Gabe
4388,Tyreke
4389,DeAndre
4390,Kason
4391,Teeshaun
4392,Jacobi
4393,Manase
4394,Makyle
4395,Edward
4396,Bernardo
4397,Jake
4398,Kameron
4399,Carson
4400,Kalvin
4401,Kaci
4402,Loronzo
4403,Austin
4404,Gabriel
4405,Ikaika
4406,Robert
4407,Cole
4408,Dillion
4409,Larry
4410,John
4411,Enoch
4412,Nick
4413,Jyaire
4414,Dion
4415,K.D.
4416,Jahaziel
4417,Taylor
4418,Calum
4419,Jabari
4420,Jahquan
4421,Jakyle
4422,Kevin
4423,Andrew
4424,Jordyn
4425,Quincy
4426,Chandler
4427,Traveion
4428,Blake
4429,Garrett
4430,Josh
4431,Isaiah
4432,Zach
4433,Jiya
4434,Rhett
4435,Tyrese
4436,Donavon
4437,Jevin
4438,Aries
4439,Alred
4440,Tralon
4441,DeMontae
4442,Elijah
4443,Jacquez
4444,Fitzroy
4445,Brandon
4446,Myles
4447,Willie
4448,Mark
4449,Dariyan
4450,Boogie
4451,Victor
4452,Zack
4453,Ty
4454,Keydrell
4455,Caleb
4456,Will
4457,Austin
4458,Nick
4459,Walter
4460,Devyn
4461,Keilos
4462,Peyton
4463,Fred
4464,Malik
4465,Charlie
4466,David
4467,Tre
4468,Anthony
4469,Tyler
4470,Samuel
4471,Jared
4472,Coby
4473,Zach
4474,Colby
4475,Jacob
4476,Tavier
4477,Adam
4478,Conner
4479,Seth
4480,Keydrain
4481,Quae
4482,Stacey
4483,KeyShawn
4484,Zach
4485,Cole
4486,Akanimo
4487,Ty
4488,Joshua
4489,Ethan
4490,Daveren
4491,Eddie
4492,Pierce
4493,Javaughn
4494,Jaden
4495,Jordan
4496,Trayvon
4497,Tony
4498,Jay
4499,Blake
4500,Lance
4501,Myles
4502,Devonte
4503,Antario
4504,Raishein
4505,Nick
4506,Evan
4507,Malik
4508,Logan
4509,Brayden
4510,James
4511,Miles
4512,Dustin
4513,Trey
4514,Liam
4515,Anthony
4516,Jeffrey
4517,J.J.
4518,Erin
4519,Nolan
4520,Mohamed
4521,Cade
4522,Makhi
4523,Jordan
4524,Brandon
4525,John
4526,Tyrice
4527,Messiah
4528,Demond
4529,Ryan
4530,Fabian
4531,Harrison
4532,Dillon
4533,Jack
4534,Eric
4535,Billy
4536,Marques
4537,Michael
4538,John
4539,Clint
4540,Tristen
4541,Devin
4542,Jalonnie
4543,Matt
4544,Ivan
4545,Jashon
4546,C.J.
4547,Dayven
4548,Pete
4549,Rocky
4550,Cyrus
4551,Brett
4552,Jack
4553,Leif
4554,Jaylen
4555,Marshall
4556,Trey
4557,Khalid
4558,Theran
4559,Chris
4560,Bryce
4561,Charlie
4562,Donnie
4563,Andrew
4564,Devin
4565,Jordan
4566,Cameron
4567,Raymond
4568,Ethan
4569,Ben
4570,Evan
4571,Bryce
4572,Jaheem
4573,Rod
4574,Jake
4575,Jason
4576,Sean
4577,Charlie
4578,Cullen
4579,Peter
4580,Samdup
4581,Jeremy
4582,Garner
4583,Trevor
4584,Cam
4585,Coco
4586,Garnett
4587,Connor
4588,Payne
4589,Caleb
4590,Jeffery
4591,Peter
4592,Ryan
4593,Josh
4594,Aidan
4595,Mac
4596,Adetomiwa
4597,Dom
4598,Andrew
4599,Bryce
4600,Xander
4601,Malik
4602,Conrad
4603,Lawson
4604,Trey
4605,Anthony
4606,A.J.
4607,Jacob
4608,Joe
4609,Brandon
4610,Thomas
4611,Genson
4612,Jordan
4613,Najee
4614,Charlie
4615,Derek
4616,Calvin
4617,Josh
4618,Sam
4619,Boris
4620,Ore
4621,Brendan
4622,Stephon
4623,Braden
4624,Kyren
4625,Howard
4626,Cam
4627,Jack
4628,Rylie
4629,Jack
4630,John
4631,Philip
4632,Logan
4633,Joe
4634,Josh
4635,Michael
4636,Tosh
4637,K.J.
4638,Ramon
4639,Kurt
4640,Deion
4641,Isaiah
4642,JoJo
4643,Justin
4644,Cane
4645,Quinn
4646,Josh
4647,Justin
4648,Prince
4649,Blake
4650,J.D.
4651,Isaiah
4652,Clarence
4653,Jarrett
4654,Lorenzo
4655,Andrew
4656,Bo
4657,Khari
4658,Marist
4659,Pat
4660,Drew
4661,Jordan
4662,Jay
4663,Zeke
4664,Nana
4665,Joe
4666,Chris
4667,Kahanu
4668,Alexander
4669,Jason
4670,Jayson
4671,Kyle
4672,Gabe
4673,Myron
4674,Ryan
4675,Rocco
4676,Jacob
4677,Cain
4678,Jayden
4679,Tyler
4680,Houston
4681,Mitchell
4682,Xavier
4683,Aidan
4684,D.J.
4685,TaRiq
4686,Jonathan
4687,George
4688,Drew
4689,Kevin
4690,Audric
4691,Avery
4692,Jay
4693,Bryce
4694,Michael
4695,Peter
4696,Tariq
4697,Nigel
4698,Jeremiah
4699,Jack
4700,Justin
4701,Kurt
4702,Jamal
4703,Zach
4704,Will
4705,Tyler
4706,John
4707,Cannon
4708,Keye
4709,Armani
4710,Fred
4711,Jett
4712,Stephen
4713,DeMontre
4714,Adam
4715,Chris
4716,Brody
4717,Jeremiah
4718,Gary
4719,Bryce
4720,Kurtis
4721,Vonnie
4722,Cam
4723,Joseph
4724,Denzel
4725,Parker
4726,Alex
4727,C.J.
4728,Bryce
4729,Aiden
4730,Nick
4731,Dylan
4732,T.J.
4733,Jack
4734,Ryan
4735,Bryce
4736,Sieh
4737,Keegan
4738,Aramoni
4739,Roman
4740,Cameron
4741,Isiah
4742,James
4743,Christophe
4744,Shedrick
4745,Tyler
4746,Michael
4747,Alvin
4748,Alec
4749,Kyle
4750,Ben
4751,Bryce
4752,Rodney
4753,Torrie
4754,Kylen
4755,Miles
4756,Jake
4757,Julian
4758,Jarren
4759,Kai
4760,Jamison
4761,Noah
4762,Ben
4763,Lejond
4764,C.J.
4765,Lathan
4766,Mitchell
4767,Donovan
4768,Demario
4769,Tyleik
4770,Jack
4771,Cameron
4772,Cade
4773,Teradja
4774,Miyan
4775,Noah
4776,Treveyon
4777,Harry
4778,Emeka
4779,Josh
4780,Nicholas
4781,Denzel
4782,Jacolbe
4783,Evan
4784,Ty
4785,Paris
4786,Matthew
4787,Thayer
4788,Haskell
4789,Jack
4790,Jaxon
4791,Reid
4792,Kyle
4793,Jerron
4794,Marvin
4795,Quinn
4796,Taron
4797,Tommy
4798,Enokk
4799,Jeremy
4800,Javontae
4801,Jesse
4802,Jantzen
4803,Craig
4804,Marcus
4805,Cade
4806,Chris
4807,Gee
4808,Ryan
4809,Garrett
4810,Kourt
4811,Julian
4812,Bryson
4813,J.T.
4814,Jordan
4815,Cameron
4816,Antwuan
4817,Marcus
4818,Josh
4819,Luke
4820,Zach
4821,Master
4822,Jayden
4823,Sevyn
4824,Ronnie
4825,Tyreke
4826,Jakailin
4827,Steele
4828,Dawand
4829,Cody
4830,Andrew
4831,D.J.
4832,Marquis
4833,Jamal
4834,Brynden
4835,Kendall
4836,Jalil
4837,Brayden
4838,Jalen
4839,Nate
4840,Isaiah
4841,Clayton
4842,LaRon
4843,Marvin
4844,Aaryn
4845,Key
4846,Jeremiah
4847,Marcus
4848,Latrell
4849,Drake
4850,Jadon
4851,Marcus
4852,Austin
4853,Wanya
4854,Bryson
4855,Shane
4856,Erik
4857,Isaiah
4858,Reggie
4859,Robert
4860,Joshua
4861,Gabe
4862,Josh
4863,Jeremiah
4864,Brey
4865,Anton
4866,Ralph
4867,Justin
4868,Kelvin
4869,Bryan
4870,David
4871,Todd
4872,Caleb
4873,Caleb
4874,Savion
4875,Theo
4876,Cody
4877,Danny
4878,Ethan
4879,Perrion
4880,Billy
4881,Woodi
4882,Jaden
4883,Chris
4884,Michael
4885,Patrick
4886,Mario
4887,Jordan
4888,Kennedy
4889,Spencer
4890,Michael
4891,Kori
4892,Nik
4893,DaShaun
4894,Tyrese
4895,Brian
4896,Finley
4897,Eric
4898,Delarrin
4899,Logan
4900,Jayden
4901,Josh
4902,Ty
4903,Aden
4904,Dezmon
4905,Jarrick
4906,Tyler
4907,Taylor
4908,Tyren
4909,Cole
4910,Tanner
4911,Ethan
4912,Korie
4913,Christian
4914,Tay
4915,Langston
4916,Trace
4917,Thomas
4918,Jaylen
4919,Danny
4920,Devin
4921,Alex
4922,Jordan
4923,Blaine
4924,Quinton
4925,Rashod
4926,Joe
4927,Samuela
4928,Austin
4929,Mason
4930,Jaden
4931,Shane
4932,Jason
4933,Nathan
4934,Logan
4935,Hunter
4936,Brock
4937,Israel
4938,Kody
4939,Tyrese
4940,Brendon
4941,Lamont
4942,Kamryn
4943,Adrian
4944,Hunter
4945,Caleb
4946,Jake
4947,Tre
4948,L.D.
4949,Brennan
4950,Malcolm
4951,Braden
4952,Dominic
4953,Lyrik
4954,Tom
4955,Braydon
4956,Bryson
4957,Spencer
4958,Sione
4959,Jabbar
4960,Collin
4961,Kolby
4962,Sean Micha
4963,John Paul
4964,Kendal
4965,Preston
4966,Nickolas
4967,Eli
4968,Otis
4969,Kentrel
4970,Michel
4971,JaKorey
4972,Markevious
4973,Jamar
4974,A.J.
4975,Patrick
4976,Isaiah
4977,Snoop
4978,Jahcour
4979,Isaiah
4980,Hudson
4981,John Rhys
4982,Ben
4983,Mac
4984,Jaylon
4985,Austin
4986,Tylan
4987,Reece
4988,Orlando
4989,Tobias
4990,Ashanti
4991,Jeremy
4992,Cedric
4993,Deantre
4994,Tysheem
4995,Jadon
4996,Brandon
4997,Bralon
4998,Carter
4999,MoMo
5000,Braylon
5001,Tavius
5002,Eli
5003,Hamilton
5004,Jonathan
5005,Lakia
5006,Luke
5007,Tywone
5008,Sam
5009,Jake
5010,Dontario
5011,Trey
5012,Chase
5013,Matt
5014,Dannis
5015,Deane
5016,Cedric
5017,Keidron
5018,Miles
5019,Chance
5020,Caleb
5021,Caden
5022,Tariqious
5023,Mark
5024,Nick
5025,Bryce
5026,Casey
5027,Henry
5028,Marc
5029,Quentin
5030,Zikerrion
5031,K.D.
5032,DaMarcus
5033,Trey
5034,Jamond
5035,Jerrion
5036,Demon
5037,Jayson
5038,Avante
5039,Kristian
5040,Trikweze
5041,Jordan
5042,Keanu
5043,Tom
5044,Bryan
5045,D.J.
5046,Keyon
5047,Mycah
5048,Alex
5049,T.J.
5050,Noah
5051,Jaylan
5052,Devon
5053,Mase
5054,Johnny
5055,C.J.
5056,Anthony
5057,Mykael
5058,Moliki
5059,Jaylin
5060,Jeffrey
5061,Steve
5062,Brandon
5063,Camden
5064,Verone
5065,Donte
5066,Dontae
5067,Dru
5068,Terrell
5069,Byron
5070,Jackson
5071,Dawson
5072,Popo
5073,Bennett
5074,Bradyn
5075,Ryan
5076,Suli
5077,George
5078,Travis
5079,Treven
5080,Charlie
5081,Cam
5082,Kanen
5083,Jaylon
5084,Isaah
5085,Trey
5086,Keith
5087,Jay
5088,Kris
5089,Jabril
5090,Troy
5091,D.J.
5092,Steven
5093,Marcus
5094,Spencer
5095,Seven
5096,Maleki
5097,Terrance
5098,Jamal
5099,Faaope
5100,Justin
5101,Jake
5102,Kayvon
5103,Adrian
5104,Nate
5105,Ty
5106,James
5107,B.J.
5108,Korbin
5109,Nous
5110,Luke
5111,Cade
5112,Nathan
5113,Jesiah
5114,John
5115,Tristan
5116,Marco
5117,Omar
5118,Silas
5119,Trey
5120,Semisi
5121,Makiya
5122,Tyler
5123,Taliese
5124,Ian
5125,Easton
5126,Deshaun
5127,Sione
5128,Simon
5129,Alex
5130,Joshua
5131,Wynston
5132,Jeromy
5133,Skyler
5134,Zeriah
5135,Cory
5136,Luke
5137,Omarion
5138,Ron
5139,Damir
5140,Jake
5141,Riley
5142,Champ
5143,Kyrei
5144,Keonte
5145,Teagan
5146,Rejzohn
5147,Isaiah
5148,Tyjon
5149,Ryan
5150,Addison
5151,Sam
5152,Tommy
5153,Jack
5154,Akili
5155,Kitan
5156,Alexander
5157,Brandon
5158,Anthony
5159,Tanner
5160,Tavis
5161,Issac
5162,Darryl
5163,Chance
5164,Jake
5165,Everett
5166,Alton
5167,Jaydon
5168,John
5169,Elijah
5170,Avery
5171,Andrzej
5172,Trevon
5173,Thomas
5174,Cody
5175,Oliver
5176,Juice
5177,Devyn
5178,Bryce
5179,Parker
5180,A.J.
5181,Marquis
5182,Davon
5183,Jamari
5184,Keaton
5185,Mike
5186,Cole
5187,Justin
5188,Keyvone
5189,Jaquan
5190,Sean
5191,Jahan
5192,Fred
5193,Zuriah
5194,P.J.
5195,KeAndre
5196,Daniel
5197,Charlie
5198,Tyler
5199,Johnny
5200,Smith
5201,Caedan
5202,Rasheed
5203,Max
5204,Jesse
5205,Curtis
5206,Hakeem
5207,Caziah
5208,Nick
5209,Derrick
5210,Tariq
5211,Rodney
5212,Sal
5213,Eric
5214,Landon
5215,Zakee
5216,Arnold
5217,Tyler
5218,Jaylen
5219,Ally
5220,Jimmy
5221,Jordan
5222,Jonathan
5223,Tyler
5224,Brenton
5225,Jake
5226,Jaden
5227,Liam
5228,Kalen
5229,Cam
5230,Khalil
5231,Mike
5232,Noah
5233,Ellis
5234,Brandon
5235,Ta'Quan
5236,Enzo
5237,Joey
5238,Adisa
5239,Jon
5240,Anthony
5241,Des
5242,Theo
5243,Christian
5244,Keyshon
5245,Jahvante
5246,Ridley
5247,Mel
5248,Marquis
5249,Sam
5250,Calijah
5251,Phil
5252,Blake
5253,A.J.
5254,Deslin
5255,Lucas
5256,Taysir
5257,Bangally
5258,Dayon
5259,Cam
5260,A.J.
5261,Terrence
5262,Vincent
5263,Dorien
5264,A.J.
5265,Carter
5266,Gavin
5267,Israel
5268,Branson
5269,Keldrick
5270,Shocky
5271,Jake
5272,Judson
5273,Chase
5274,M.J.
5275,Davis
5276,Nahki
5277,Khalil
5278,Hunter
5279,John
5280,John
5281,Kenny
5282,Naquan
5283,Kyi
5284,Devin
5285,Joey
5286,Nick
5287,Todd
5288,Jordan
5289,Elliot
5290,Marcus
5291,Kirk
5292,Solomon
5293,Gabe
5294,Terrence
5295,Brandon
5296,Tre
5297,Rashad
5298,Owen
5299,Matt
5300,Leslie
5301,Jared
5302,Rodney
5303,Brandon
5304,Jaylon
5305,Damarri
5306,Tyler
5307,Daniel
5308,P.J.
5309,Buddy
5310,Wendell
5311,David
5312,Erick
5313,Jack
5314,Tyler
5315,Greg
5316,Jared
5317,Marvin
5318,Payne
5319,Josh
5320,Yanni
5321,Walter
5322,Jacob
5323,Kieren
5324,Lance
5325,Shannon
5326,Branson
5327,Jaylan
5328,Khali
5329,Cam
5330,Jalen
5331,Elijah
5332,Kydran
5333,Bryce
5334,Lawrence
5335,Mitchell
5336,T.J.
5337,Jamari
5338,Chris
5339,Cory
5340,Preston
5341,Ryan
5342,DaMarcus
5343,Eric
5344,Zander
5345,Ben
5346,OJ
5347,Logan
5348,Zach
5349,Jeff
5350,Joe
5351,Sam
5352,Jackson
5353,Dylan
5354,Nyles
5355,Ben
5356,Marcus
5357,Michael
5358,Cam
5359,Kyle
5360,Jaelin
5361,Milton
5362,Broc
5363,Greg
5364,Clyde
5365,Aidan
5366,David
5367,Dave
5368,Jack
5369,George
5370,Deion
5371,Spencer
5372,Gus
5373,Sammy
5374,Tristan
5375,Dedrick
5376,Brandon
5377,Jack
5378,Anthony
5379,King
5380,Jim
5381,Garrett
5382,Clay
5383,Regan
5384,Jack
5385,Jovaun
5386,Allan
5387,Elijah
5388,George
5389,Jake
5390,Sean
5391,Braylon
5392,Kirk
5393,Khalan
5394,Kobie
5395,T.J.
5396,Kenneth
5397,Charlie
5398,Trey
5399,Juma
5400,Desmyn
5401,Treshawn
5402,Jalen
5403,Collin
5404,Naeem
5405,Wiley
5406,Andrew
5407,Miles
5408,Izeya
5409,Luke
5410,Gabe
5411,Isaac
5412,Cameron
5413,Myron
5414,Cedric
5415,Shea
5416,Brad
5417,Jaren
5418,Jordan
5419,Kebreyun
5420,Chike
5421,Brandt
5422,Adam
5423,Jordan
5424,Prudy
5425,Cole
5426,Robert
5427,August
5428,Antonio
5429,Nick
5430,Ikenna
5431,Ari
5432,Isaiah
5433,Trey
5434,Jovoni
5435,Terreance
5436,Brendan
5437,Cole
5438,Braedon
5439,Jerry
5440,Faaenuu
5441,Caleb
5442,Andrew
5443,Jake
5444,Adrian
5445,Jaeger
5446,Jason
5447,Miles
5448,Zane
5449,Josh
5450,Derek
5451,Tre
5452,Ireland
5453,Patrice
5454,Khayri
5455,Hollin
5456,Chris
5457,Mayan
5458,Valentino
5459,Rene
5460,Cedrice
5461,Shawn
5462,Reggie
5463,C.J.
5464,Jamree
5465,Aaron
5466,Austin
5467,Christian
5468,Kevin
5469,Avery
5470,Tyshon
5471,Tahjay
5472,Chris
5473,Matt
5474,Drew
5475,Shameen
5476,Deion
5477,Kyle
5478,Ifeanyi
5479,Mike
5480,Alijah
5481,Matt
5482,Jovani
5483,Gavin
5484,Noah
5485,Guy
5486,Nick
5487,Kyonte
5488,Gus
5489,Cole
5490,Julius
5491,Raiqwon
5492,Max
5493,Naijee
5494,Brandon
5495,Shaquan
5496,Tyler
5497,Tunde
5498,Bryan
5499,Desmond
5500,Brendan
5501,Troy
5502,Aaron
5503,Lawrence
5504,Tyreem
5505,Wesley
5506,Olakunle
5507,Joshua
5508,Zaire
5509,Isaih
5510,Isaiah
5511,Tyreek
5512,Victor
5513,Adam
5514,Rahul
5515,Kessawn
5516,Robert
5517,Aron
5518,Mohamed
5519,Bo
5520,Jalen
5521,Will
5522,Lucas
5523,Jordon
5524,Greg
5525,Jaylon
5526,Jordan
5527,Kaegun
5528,Chance
5529,Andrew
5530,Ronald
5531,Darius
5532,Kyron
5533,Kobe
5534,Jesse
5535,Elijah
5536,B.J.
5537,Ethan
5538,Tyrell
5539,Jay
5540,Daniel
5541,Phillippe
5542,Ross
5543,Christian
5544,Joey
5545,Chris
5546,Zachary
5547,Kyle
5548,Alama
5549,William
5550,Gus
5551,Desmond
5552,Josh
5553,Joey
5554,Daniel
5555,Dylan
5556,Nassir
5557,Jalil
5558,Brandon
5559,Keshawn
5560,Jonah
5561,Kahi
5562,Cameron
5563,Thomas
5564,Seyddrick
5565,Zyrus
5566,D.J.
5567,Caden
5568,Vai
5569,Garret
5570,Michael
5571,Andrew
5572,Dominic
5573,Aaron
5574,Dallas
5575,Noah
5576,C.J.
5577,Cedarious
5578,Patrick
5579,Jaiden
5580,Adonis
5581,Tayler
5582,Segun
5583,Trenton
5584,Rashad
5585,Alec
5586,Matt
5587,Jack
5588,Cam
5589,Walker
5590,Nick
5591,Nick
5592,Jesse
5593,Terence
5594,Tyler
5595,Kairee
5596,Isaiah
5597,Jamar
5598,Nate
5599,Malikhi
5600,Isaiah
5601,Jaime
5602,Jermaine
5603,Charles
5604,Sam
5605,Billy Bob
5606,Dominick
5607,Derrick
5608,Jack
5609,Kai
5610,John
5611,Tyler
5612,Lamar
5613,Trevor
5614,Kyle
5615,Tyler
5616,Anthony
5617,Scott
5618,Bobby
5619,Shamar
5620,Christian
5621,Bryun
5622,Viliami
5623,Cade
5624,Marcel
5625,E.J.
5626,Soane
5627,Lando
5628,Noah
5629,Josh
5630,Jamaar
5631,Grady
5632,Alii
5633,Dion
5634,Rahyme
5635,Matthew
5636,Jordan
5637,Tysyn
5638,Isa
5639,Kyle
5640,Hadari
5641,Rico
5642,Christian
5643,Chance
5644,Charlie
5645,Abraham
5646,Malik
5647,Kenyon
5648,Tre
5649,Jay
5650,Trevon
5651,Jay
5652,Tre
5653,B.J.
5654,Ryan
5655,Matt
5656,Will
5657,Natano
5658,Jaylon
5659,Magnus
5660,Bryce
5661,Roderick
5662,Trevor
5663,Ty
5664,Donald
5665,Roderick
5666,Arman
5667,Mike
5668,Turner
5669,Dalton
5670,Delano
5671,Chace
5672,Montaye
5673,Jahari
5674,Sam
5675,Toby
5676,Terance
5677,Tyler
5678,Ulysses
5679,Elijah
5680,Tanner
5681,Cobe
5682,Will
5683,Dylan
5684,Branson
5685,Devere
5686,Junior
5687,Jordan
5688,Cameron
5689,Nolan
5690,Grant
5691,Xavier
5692,Calvin
5693,Jimmy
5694,Shaine
5695,Harrison
5696,Austin
5697,Blake
5698,Preston
5699,Danny
5700,Kadarius
5701,Tre
5702,Jayden
5703,Gary
5704,Hayden
5705,Beau
5706,Marcus
5707,Thalen
5708,Tyler
5709,Isaiah
5710,T.J.
5711,Bryan
5712,Ben
5713,Nelson
5714,Isaac
5715,Reggie
5716,Keke
5717,Darren
5718,Rashee
5719,Brandon
5720,Matt
5721,Stone
5722,Tommy
5723,Derek
5724,Alan
5725,Justin
5726,Richard
5727,Darryle
5728,Zacch
5729,Parker
5730,Jaylan
5731,Lonnie
5732,M.J.
5733,Debo
5734,Marcellas
5735,David
5736,Sherrod
5737,Devontae
5738,Jordan
5739,Jaheim
5740,Jovaughn
5741,JuJu
5742,Jaylin
5743,Vincent
5744,Carlins
5745,Dylan
5746,Jalen
5747,Josh
5748,Keveon
5749,Tyrese
5750,Kevin
5751,Rick
5752,Rodricus
5753,Vershon
5754,Jordan
5755,Jaylen
5756,Jon
5757,R.J.
5758,Kai
5759,Jason
5760,Aaron
5761,Jabari
5762,Wyatt
5763,Dak
5764,Alex
5765,MarShawn
5766,Darius
5767,Nick
5768,Gerry
5769,Eric
5770,Trey
5771,Donnell
5772,Keem
5773,Kingsley
5774,Damani
5775,Cam
5776,Brad
5777,Dominick
5778,Tonka
5779,Tyshawn
5780,Ahmarean
5781,E.J.
5782,Luke
5783,Spencer
5784,Mohamed
5785,Eric
5786,Rashad
5787,Colten
5788,Hank
5789,Traevon
5790,ZaQuandre
5791,Jakai
5792,Jahmar
5793,Rico
5794,Zeb
5795,Xavier
5796,Moses
5797,Mykal
5798,Tykeem
5799,Malik
5800,Josh
5801,Rachuan
5802,Brandon
5803,Cole
5804,Coker
5805,T.J.
5806,Demarcus
5807,Tee
5808,Santrell
5809,Drew
5810,Stuart
5811,Peyton
5812,Dashawn
5813,Stewart
5814,Bryce
5815,Andrew
5816,Frank
5817,Avery
5818,Jason
5819,Eric
5820,Luke
5821,Jake
5822,Dee
5823,Joey
5824,Darius
5825,Kristin
5826,Cameron
5827,Hayes
5828,Christian
5829,Dominic
5830,Taj
5831,Stefon
5832,Devin
5833,Mike
5834,Josh
5835,Grayson
5836,Trey
5837,Josh
5838,Vinson
5839,Ryan
5840,Bryce
5841,Mason
5842,Dejuan
5843,Monty
5844,Nathan
5845,Jay
5846,Kameron
5847,Paul
5848,Eriq
5849,Marvin
5850,Khalique
5851,Tyler
5852,Everett
5853,Jay
5854,John
5855,Arvin
5856,Ty
5857,Da'Quan
5858,Brad
5859,Nate
5860,Chandler
5861,Ray
5862,Brandon
5863,Austin
5864,T.Q.
5865,John
5866,Sung
5867,Errol
5868,Mekhi
5869,Lorenzo
5870,Levi
5871,Terrence
5872,Bralen
5873,Jayrin
5874,Luke
5875,Kendrell
5876,Chauncey
5877,Ja-Quan
5878,Shane
5879,Chris
5880,Trey
5881,Montrell
5882,A.J.
5883,David
5884,Nathan
5885,Jacob
5886,Ben
5887,T.J.
5888,Patrick
5889,Amir
5890,Robert
5891,Jalen
5892,Mason
5893,George
5894,Neal
5895,Kris
5896,Dontae
5897,Ken
5898,Caleb
5899,Landon
5900,A.J.
5901,Michael
5902,Tyler
5903,Kendall
5904,Devon
5905,Chandler
5906,Kam
5907,Brandon
5908,Tyler
5909,Eric
5910,Tanner
5911,Jalen
5912,Cameron
5913,Jourdan
5914,A.J.
5915,Kaleb
5916,Ferrod
5917,Emani
5918,Malcolm
5919,Rhys
5920,Percy
5921,Nate
5922,Tayland
5923,Dalvin
5924,Chris
5925,Johnny
5926,Jax
5927,Peter
5928,Cyrus
5929,Marian
5930,Chris
5931,Hunter
5932,Max
5933,Andre
5934,Levi
5935,Mitch
5936,Andres
5937,Branson
5938,Tobin
5939,Colby
5940,Benjamin
5941,Shield
5942,Austin
5943,Tanner
5944,Drake
5945,Aaron
5946,Barrett
5947,Joshua
5948,Tucker
5949,Jaden
5950,Omari
5951,Myles
5952,Jonathan
5953,Austin
5954,Nathaniel
5955,Ethan
5956,Isaiah
5957,Jay
5958,Trey
5959,Gabe
5960,Harry
5961,Michael
5962,Connor
5963,James
5964,Wilfredo
5965,Elijah
5966,Kendall
5967,Walter
5968,Tristan
5969,Brandon
5970,Stephen
5971,Thomas
5972,Thunder
5973,Jimmy
5974,Dalyn
5975,E.J.
5976,Lance
5977,Noah
5978,Drake
5979,Manny
5980,Juan
5981,Jake
5982,Zahran
5983,Ryan
5984,Silas
5985,Salim
5986,Brycen
5987,Kyle
5988,Evan
5989,Jordan
5990,John
5991,Bradley
5992,Ricky
5993,Levani
5994,Alain
5995,Houston
5996,Lukas
5997,Ryan
5998,Casey
5999,Jack
6000,Jacob
6001,Ari
6002,Bryce
6003,Matthew
6004,Darius
6005,Eric
6006,Aman
6007,Darian
6008,Jason
6009,Marlowe
6010,Damien
6011,Steven
6012,Sean
6013,Chris
6014,Jakob
6015,Rob
6016,Joe
6017,Cody
6018,Jace
6019,Chase
6020,Cooper
6021,Luke
6022,Lewis
6023,Abdul
6024,Austyn
6025,Isaiah
6026,Latarie
6027,Leon
6028,Trebor
6029,Curtis
6030,Kalan
6031,Malcolm
6032,Adrian
6033,Dakota
6034,Courtney
6035,Enrique
6036,Geoff
6037,Josh
6038,Airon
6039,Steve
6040,Austin
6041,Stefon
6042,Andre
6043,Kevon
6044,Sharod
6045,AJ
6046,James
6047,Terry
6048,Josh
6049,Caleb
6050,Anthony
6051,Carlos
6052,Kingsley
6053,Garrett
6054,Malik
6055,Devaughn
6056,Christophe
6057,Anthony
6058,Justin
6059,Justin
6060,Josh
6061,Neil
6062,Mikel
6063,Maximilian
6064,Jae
6065,Garrett
6066,Anwar
6067,Luther
6068,Coby
6069,Ben
6070,Umari
6071,Elijah
6072,Wyatt
6073,D'Andre
6074,Savion
6075,Justin
6076,Zach
6077,Marvin
6078,Blair
6079,Shadrach
6080,Derius
6081,Josh
6082,Ochaun
6083,Kenny
6084,Carter
6085,Alex
6086,Michael
6087,Noah
6088,Jayhvion
6089,Esteban
6090,Chandler
6091,Corey
6092,Brannon
6093,J.D.
6094,Landyn
6095,Noah
6096,Coy
6097,Ken
6098,Khari
6099,Walt
6100,Dominic
6101,Jamoi
6102,Jordy
6103,Michael
6104,Sam
6105,Abraham
6106,Terrell
6107,Emari
6108,Kendre
6109,Kyle
6110,George
6111,Zach
6112,Griffin
6113,Garrett
6114,Sonny
6115,C.J.
6116,Terry
6117,Dylan
6118,T.J.
6119,Jasper
6120,Quentin
6121,Andrew
6122,Chris
6123,Donavann
6124,Brandon
6125,Marcus
6126,Max
6127,John
6128,Taye
6129,Marcel
6130,Noah
6131,Chase
6132,Kris
6133,Ahmonte
6134,Damon
6135,Keontae
6136,Patrick
6137,Wes
6138,Dee
6139,Colt
6140,Bud
6141,Jermaine
6142,Michael
6143,Bryce
6144,C.J.
6145,Ty
6146,Zeke
6147,Dyshier
6148,D.J.
6149,Chauncey
6150,Luis
6151,Malik
6152,Bobby
6153,Tyreke
6154,Freddie
6155,Adam
6156,Jadan
6157,Patrick
6158,Pat
6159,Kobe
6160,Connor
6161,Cameron
6162,Tayvon
6163,Jalen
6164,Elijah
6165,Shane
6166,Luke
6167,Emmanuel
6168,Von
6169,Jose
6170,Edward
6171,Rory
6172,Kyle
6173,Jacoby
6174,Mariano
6175,Raheem
6176,Demerick
6177,William
6178,Keyshawn
6179,Darian
6180,DaeSean
6181,Victor
6182,Jimto
6183,Wisdom
6184,James
6185,Will
6186,Amad
6187,Kadas
6188,Justin
6189,Bob
6190,Jordan
6191,Ronnie
6192,Kevin
6193,Kwantel
6194,Jordan
6195,Trey
6196,David
6197,Isaac
6198,Layton
6199,Amir
6200,Randle
6201,Darius
6202,M.J.
6203,Joseph
6204,Adam
6205,Miles
6206,Richard
6207,Yvandy
6208,Alex
6209,George
6210,Parker
6211,Alontae
6212,Jimmy
6213,Quinn
6214,Kurott
6215,Roman
6216,Paxton
6217,JaVonta
6218,Christian
6219,Hendon
6220,Kaemen
6221,William
6222,Jaylen
6223,Dominic
6224,Dee
6225,Jalin
6226,Dayne
6227,Darnell
6228,Von
6229,Tyler
6230,Solon
6231,Ramon
6232,Kingston
6233,Walker
6234,Tamarion
6235,Javontez
6236,Kwauze
6237,Jabari
6238,Lenny
6239,Latrell
6240,Ollie
6241,Andison
6242,Doneiko
6243,Elijah
6244,Chase
6245,Cade
6246,Omari
6247,Caleb
6248,Miles
6249,Joe
6250,Jackson
6251,Cooper
6252,William
6253,Warren
6254,Theo
6255,Aaron
6256,Julian
6257,Jeremy
6258,Princeton
6259,Morven
6260,Juwan
6261,Kenneth
6262,Jacob
6263,Byron
6264,Kamal
6265,Jimmy
6266,Cedric
6267,Jaylen
6268,Jerome
6269,Trevon
6270,Aubrey
6271,Matthew
6272,Tiyon
6273,Tyus
6274,De'Shawn
6275,Aaron
6276,Brandon
6277,Jeremiah
6278,Jimmy
6279,Moro
6280,D.J.
6281,Xavier
6282,Byron
6283,Jordan
6284,Jerrin
6285,Cameron
6286,Hudson
6287,Jimmy John
6288,David
6289,Brenden
6290,B.J.
6291,Keilan
6292,Gunnar
6293,Vernon
6294,Luke
6295,Jonathon
6296,Christian
6297,Jaylan
6298,Troy
6299,Devin
6300,Kai
6301,Ben
6302,Jake
6303,Jaylen
6304,Anthony
6305,Cade
6306,Jett
6307,Logan
6308,Alvin
6309,Hayden
6310,Ayodele
6311,Darion
6312,Jacoby
6313,Isaiah
6314,Brayden
6315,Casey
6316,Ovie
6317,Andrej
6318,Chris
6319,Rafiti
6320,Kelvontay
6321,Reshaun
6322,Kitan
6323,Tope
6324,Derek
6325,Josh
6326,J.D.
6327,DeMarvion
6328,Myron
6329,Junior
6330,Bjorn
6331,Jahdae
6332,Joshua
6333,Roschon
6334,Casey
6335,Jamier
6336,Bijan
6337,Marcus
6338,Alfred
6339,Barryn
6340,Charles
6341,Isaac
6342,Jared
6343,Sawyer
6344,Tyler
6345,Ray
6346,Keondre
6347,Denzel
6348,Bryce
6349,Eli
6350,Jalen
6351,Dallas
6352,Erick
6353,Ainias
6354,Jaylon
6355,Nik
6356,Donell
6357,Zach
6358,Seth
6359,Marcus
6360,Aaron
6361,McKinnley
6362,Isaiah
6363,Devin
6364,Jahzion
6365,Trey
6366,Luke
6367,Jordan
6368,Brian
6369,Haynes
6370,Edgerrin
6371,Adarious
6372,Layden
6373,Max
6374,Tunmise
6375,Dreyden
6376,Smart
6377,Devon
6378,Jardin
6379,Baylor
6380,Derick
6381,Matthew
6382,Hezekiah
6383,Antonio
6384,Aki
6385,Reuben
6386,Tyreek
6387,Jalen
6388,Blake
6389,Jahmir
6390,Tarian
6391,Michael
6392,Deuce
6393,Leon
6394,Kenyon
6395,Deondre
6396,Brian
6397,Keldrick
6398,Moose
6399,Fadil
6400,Yulkeith
6401,Demani
6402,Demond
6403,Andre
6404,Caleb
6405,Chase
6406,Shemar
6407,Caden
6408,Jayden
6409,Chris
6410,L.J.
6411,Tyree
6412,Earnest
6413,Josh
6414,Demarvin
6415,Myles
6416,Isaiah
6417,Jack
6418,Donovan
6419,Casey
6420,Kaylon
6421,Chadarius
6422,Kosi
6423,Jacob
6424,Tyrique
6425,Adrian
6426,Matt
6427,Cam
6428,Jaylon
6429,T.J.
6430,Clayton
6431,Tahj
6432,Brandon
6433,Myles
6434,Rayshad
6435,Philip
6436,Caleb
6437,Jason
6438,Derrick
6439,Ethan
6440,Trevor
6441,Jesiah
6442,Riko
6443,Malik
6444,Austin
6445,Dawson
6446,Weston
6447,Dalton
6448,Cameron
6449,Emmit
6450,Henry
6451,DaMarcus
6452,Charles
6453,Travis
6454,L.B.
6455,Marquis
6456,Krishon
6457,Devin
6458,Landon
6459,Bryce
6460,Troy
6461,Tyree
6462,Josh
6463,Dadrion
6464,Jed
6465,Xavier
6466,Mason
6467,Nelson
6468,McLane
6469,Bryce
6470,Behren
6471,Larry
6472,Trey
6473,Tyler
6474,Nate
6475,Cameron
6476,Erik
6477,Colin
6478,Loic
6479,SaRodorick
6480,Reggie
6481,Trey
6482,Jacoby
6483,Jerand
6484,Eric
6485,Tony
6486,Tyler
6487,Bryant
6488,Gavin
6489,Isaiah
6490,Jacquez
6491,Zachary
6492,Nate
6493,David
6494,Tucker
6495,Jordan
6496,Judge
6497,Devan
6498,Darius
6499,Clay
6500,Desjuan
6501,Micah
6502,DeQuan
6503,Ronald
6504,Daniel
6505,Mitchell
6506,Trenton
6507,Thomas
6508,Luke
6509,D'Andre
6510,Lamy
6511,Nate
6512,Bailey
6513,Damon
6514,Jackson
6515,Kelvin
6516,Lavel
6517,Nick
6518,Jackson
6519,Michael
6520,A.J.
6521,Vinny
6522,Drew
6523,Bryce
6524,Carter
6525,Matt
6526,Jamal
6527,Justin
6528,Vitaliy
6529,Terrance
6530,Troy
6531,Michael
6532,Parker
6533,Adrian
6534,Mike
6535,Chris
6536,Samuel
6537,DeMeer
6538,Cavon
6539,Devin
6540,Jaelen
6541,Jerjaun
6542,Bryce
6543,Quinyon
6544,DeAmonte
6545,Justin
6546,Jalin
6547,Danzel
6548,Maxen
6549,Jonathon
6550,Josh
6551,Dyontae
6552,Tycen
6553,Chris
6554,Jamal
6555,Corey
6556,Reggie
6557,JoJo
6558,Kiland
6559,Larry
6560,Tyrek
6561,Rudy
6562,Cameron
6563,Jeffery
6564,Noah
6565,Elijah
6566,Jaylon
6567,Keith
6568,Josh
6569,Cameron
6570,Joey
6571,Michael
6572,Dorian
6573,Jadon
6574,Iverson
6575,Levi
6576,Hayden
6577,Shae
6578,Casey
6579,Merek
6580,Mandel
6581,Colby
6582,Alfred
6583,Corey
6584,Caleb
6585,Tyrick
6586,Lance
6587,Jackson
6588,Noah
6589,Eric
6590,Armoni
6591,Nick
6592,Raquim
6593,Kevaris
6594,Ryan
6595,Kai
6596,Michael
6597,Darius
6598,Rashad
6599,Angelo
6600,Timothy
6601,Trey
6602,Hutson
6603,Kevin
6604,Macon
6605,Derrion
6606,Carlos
6607,Sincere
6608,Ajani
6609,Marvin
6610,Jesus
6611,Phat
6612,Christian
6613,Ygenio
6614,Adonis
6615,Duece
6616,T.J.
6617,Ralph
6618,Bryce
6619,Jaetavian
6620,Tyjae
6621,Will
6622,Justin
6623,Keitha
6624,Chester
6625,Tyler
6626,Haydon
6627,Deven
6628,Roman
6629,TieNeal
6630,Reggie
6631,Lance
6632,Kenney
6633,Gerard
6634,Tyarise
6635,DaMarco
6636,Tyree
6637,Ethan
6638,Kendarin
6639,Braylon
6640,Shamari
6641,Steven
6642,Jaise
6643,Anthony
6644,Zack
6645,Anthony
6646,L.J.
6647,Travon
6648,Jaden
6649,Tiller
6650,Everitt
6651,Grant
6652,Justin
6653,Josh
6654,Bryce
6655,Deneric
6656,Lachlan
6657,Brian
6658,Jaxon
6659,Sam
6660,Bayne
6661,Will
6662,Dante
6663,Seth
6664,Kamdyn
6665,Dorian
6666,Jett
6667,Ezra
6668,Elijah
6669,Chris
6670,Bryce
6671,Gabe
6672,Treyvon
6673,Jon-Michae
6674,Abe
6675,Jeremy
6676,Cristian
6677,Cullen
6678,Davis
6679,Tyon
6680,Robert
6681,James
6682,Joseph
6683,Dylan
6684,JuanCarlos
6685,Cannon
6686,Daiquain
6687,Grayson
6688,Malachai
6689,Bryson
6690,Josh
6691,Keylon
6692,Yohance
6693,Quincy
6694,Antonio
6695,Justin
6696,Fred
6697,Grayson
6698,T.J.
6699,Matthew
6700,Tejhaun
6701,Jermaine
6702,Andrew
6703,Michael
6704,Noah
6705,Montaj
6706,T.D.
6707,Tyree
6708,Jaylen
6709,Will
6710,Keondre
6711,Troy
6712,Deshaun
6713,Starling
6714,Lee
6715,Kyle
6716,Devodric
6717,Damien
6718,Will
6719,Colby
6720,Jakoby
6721,Sidney
6722,Kevin
6723,Ramsay
6724,Samario
6725,Trey
6726,Lucious
6727,Kelle
6728,Kristopher
6729,Brady
6730,Fish
6731,Eli
6732,Jalen
6733,Damon
6734,Tyler
6735,Nikia
6736,A.J.
6737,Dylan
6738,Kyle
6739,Will
6740,Terrell
6741,Bryce
6742,Jalen
6743,Mac
6744,Alex
6745,Larry
6746,Hayden
6747,Leo
6748,Gerrit
6749,Isaiah
6750,Bryson
6751,Tyler
6752,Zaire
6753,Ryan
6754,C.D.
6755,Trea
6756,DeWayne
6757,Matt
6758,Raphael
6759,Xavier
6760,Charlie
6761,Kadeem
6762,Baraka
6763,Greg
6764,Mo
6765,Jay
6766,Choe
6767,Keegan
6768,Elisha
6769,Ale
6770,Cameron
6771,Siale
6772,Damian
6773,Myles
6774,Datona
6775,Jon
6776,Alec
6777,William
6778,Devin
6779,Ethan
6780,Zach
6781,Shea
6782,Logan
6783,Jordan
6784,Dovid
6785,Kain
6786,Tyler
6787,Caleb
6788,Michael
6789,Joquarri
6790,Lucas
6791,John
6792,Sam
6793,Ethan
6794,Kenny
6795,JonJon
6796,Quentin
6797,Patrick
6798,Kazmeir
6799,Bruno
6800,Otito
6801,Nicholas
6802,Chase
6803,Dorian
6804,Martell
6805,Jay
6806,Carl
6807,Garrett
6808,Sean
6809,Mike
6810,Josh
6811,Mitchell
6812,Matt
6813,Duke
6814,Obi
6815,Bo
6816,Atonio
6817,John
6818,Luke
6819,Stephan
6820,D.J.
6821,Delon
6822,Kam
6823,David
6824,Chase
6825,Luke
6826,Chase
6827,Paul
6828,Brittain
6829,Kyle
6830,Odua
6831,John
6832,Trevor
6833,Taylor
6834,Panda
6835,B.J.
6836,Dmitry
6837,Victor
6838,Jairus
6839,Jalar
6840,Dejan
6841,Chris
6842,Justin
6843,Markees
6844,Doug
6845,Jaxon
6846,Chibueze
6847,Siah
6848,Trey
6849,Davondre
6850,Matt
6851,Jonny
6852,Shedrick
6853,Jon
6854,Knox
6855,Bryan
6856,Cameron
6857,George
6858,Hahsaun
6859,Chavion
6860,Hunter
6861,Taylor
6862,B.J.
6863,Luke
6864,Jonathan
6865,Shadrick
6866,Derek
6867,T.J.
6868,Miles
6869,Anthony
6870,Jack
6871,Kofi
6872,D.J.
6873,Keith
6874,Calvin
6875,Tyler
6876,James
6877,Trev
6878,Grant
6879,Prince
6880,Ashton
6881,Joshua
6882,Arabee
6883,Isaiah
6884,Cam
6885,Shyheim
6886,Steven
6887,Isaac
6888,Michael
6889,Miguel
6890,Valerian
6891,Marcus
6892,Tyson
6893,Xavier
6894,Bailey
6895,Solomon
6896,Dez
6897,Colin
6898,Elijah
6899,Ryan
6900,Daviyon
6901,Kaleo
6902,Courtney
6903,Chad
6904,Ricky
6905,Aaron
6906,Leshaun
6907,Steve
6908,Noah
6909,Vic
6910,Tyleek
6911,Charlton
6912,Tiger
6913,Tate
6914,Connor
6915,Giovanni
6916,Charles
6917,Zyell
6918,Malik
6919,Anthony
6920,Adam
6921,Austin
6922,Bryce
6923,Kyle
6924,Tavai
6925,Phillip
6926,Kolo
6927,Deamikkio
6928,Brandon
6929,Daniel
6930,Tim
6931,Waisale
6932,Marcus
6933,Julio
6934,Nick
6935,Farrell
6936,Eliel
6937,Jeminai
6938,Marsel
6939,Nohl
6940,Jacoby
6941,Leif
6942,Malakai
6943,Tavis
6944,Brennon
6945,Brye
6946,Tyson
6947,Jalen
6948,Jayvaun
6949,Jeremiah
6950,Doug
6951,Jordan
6952,Kamren
6953,Cameron
6954,Amani
6955,Justin
6956,Anthony
6957,Kylan
6958,Kilinahe
6959,Clayton
6960,Kyle
6961,Cameron
6962,Noah
6963,Graham
6964,Davone
6965,Naki
6966,Tre
6967,Jaylen
6968,Sammy
6969,Korey
6970,Ben
6971,Kyron
6972,Justin
6973,Stanley
6974,Raesjon
6975,Gary
6976,Casey
6977,Darwin
6978,Chris
6979,Colin
6980,Isaac
6981,Liam
6982,Joshua
6983,Chase
6984,Drake
6985,Michael
6986,Jalen
6987,Malcolm
6988,Joe
6989,Anthony
6990,Calen
6991,Parker
6992,Joseph
6993,John
6994,Raymond
6995,Trevor
6996,Jamar
6997,Mason
6998,Drake
6999,Chris
7000,Brandon
7001,Josh
7002,Erik
7003,Keaontay
7004,Jordan
7005,Nick
7006,Juliano
7007,Hunter
7008,Jayden
7009,Courtland
7010,Andrew
7011,Kenan
7012,Kobe
7013,Tahj
7014,Miller
7015,Jack
7016,Brett
7017,Julien
7018,Jonah
7019,Jude
7020,Kyle
7021,Isaiah
7022,Ishmael
7023,Andrew
7024,Xamarion
7025,Tuasivi
7026,K.D.
7027,Greg
7028,Jacob
7029,Ralen
7030,Michael
7031,Kedon
7032,Liam
7033,Tuli
7034,Xavion
7035,Jaxson
7036,Ceyair
7037,Vavae
7038,Cole
7039,Brant
7040,Jaren
7041,Ali
7042,Ricky
7043,Karene
7044,Solomon
7045,Andrew
7046,Alex
7047,Kamo
7048,Braeden
7049,Mason
7050,Thomas
7051,Micah
7052,Vonte
7053,Chris
7054,Theo
7055,Faybian
7056,Malone
7057,Chevy
7058,JaTravis
7059,Britain
7060,Fua
7061,Junior
7062,Falcon
7063,Zemaiah
7064,Mika
7065,Cameron
7066,Keaton
7067,Pete
7068,Money
7069,David
7070,Devin
7071,Paul
7072,Xavier
7073,Stone
7074,Trey
7075,Brandon
7076,Johnny
7077,Tyler
7078,Hayden
7079,Nick
7080,Aaron
7081,Cole
7082,Josh
7083,Makai
7084,Devaughn
7085,Adele
7086,Evan
7087,Ethan
7088,Devin
7089,Nephi
7090,LaCarea
7091,Clark
7092,Tavion
7093,Sataoa
7094,Jaylen
7095,Hauati
7096,Drew
7097,Luke
7098,Miki
7099,Marist
7100,Dalton
7101,Cameron
7102,Van
7103,Aliki
7104,Kenzel
7105,Jadon
7106,T.J.
7107,Alfred
7108,Kaleo
7109,Kyle
7110,Kyle
7111,Byron
7112,Jack
7113,Zahodri
7114,Hunter
7115,Jackson
7116,Addison
7117,A.J.
7118,Andre
7119,Shaq
7120,Josh
7121,Savon
7122,Pailate
7123,Josh
7124,Demytrick
7125,Maisen
7126,Wyatt
7127,Quazzel
7128,Patrick
7129,Devontae
7130,Wade
7131,James
7132,Fali
7133,Calvin
7134,Jacob
7135,Calvin
7136,Logan
7137,Broc
7138,Sione
7139,Poukesi
7140,Phillip
7141,Chandler
7142,Cody
7143,Dominic
7144,Nick
7145,Cody
7146,Ajani
7147,NyNy
7148,Mata
7149,Justin
7150,Marcus
7151,Cam
7152,Monte
7153,Cooper
7154,Brandon
7155,Jordan
7156,Connor
7157,Elon
7158,Derek
7159,Carson
7160,Simon
7161,Michael
7162,Andrew
7163,Jaymason
7164,Hale
7165,Kevin
7166,Darius
7167,John
7168,Justin
7169,Jaylin
7170,Seni
7171,Johnson
7172,Deven
7173,Stephen
7174,Cole
7175,Jarrod
7176,Gamaliel
7177,Steven
7178,Tyler
7179,Elijah
7180,Breon
7181,Walter
7182,Joshua
7183,John
7184,Dresden
7185,Osaiasi
7186,Jeremiah
7187,Robert
7188,Bobby
7189,Dennis
7190,Michael
7191,Justin
7192,Jeremiah
7193,Willie
7194,Trejon
7195,Gavin
7196,Nick
7197,Quardraiz
7198,Josh
7199,Torey
7200,McKel
7201,Keenan
7202,Praise
7203,Kiante
7204,Jalen
7205,Deion
7206,James
7207,Forest
7208,Miles
7209,Ian
7210,Tyrice
7211,Josh
7212,Gary
7213,Calvin
7214,Cary
7215,Justin
7216,Tavita
7217,Tyrin
7218,Kelton
7219,Justin
7220,Jadrian
7221,Elijah
7222,Tyreke
7223,Dallas
7224,Sione
7225,Ronald
7226,Connor
7227,Blake
7228,Darta
7229,Reynaldo
7230,Gerard
7231,Zach
7232,Zuri
7233,Michael
7234,Josh
7235,Andrew
7236,Joseph
7237,Jakolby
7238,Davis
7239,Jacob
7240,Trent
7241,Cal
7242,Frederick
7243,Gavin
7244,Deylon
7245,Feleti
7246,Brendon
7247,Joel
7248,Gavin
7249,Gabe
7250,B.J.
7251,Terion
7252,Tyler
7253,Max
7254,John
7255,Mike
7256,Michael
7257,Cole
7258,Kevo
7259,Nate
7260,Tyrell
7261,Justin
7262,Chris
7263,Anfernee
7264,Tyson
7265,Alston
7266,Allan
7267,Dylan
7268,Rickey
7269,Ben
7270,Jack
7271,Ken
7272,Justin
7273,Alex
7274,Bradley
7275,Julian
7276,Bryce
7277,Jason
7278,Rocko
7279,Michael
7280,Amir
7281,Elijah
7282,Jeremy
7283,Ethan
7284,Devin
7285,Daevion
7286,Gamerion
7287,Brayden
7288,James
7289,Errington
7290,Will
7291,Quincy
7292,Cam
7293,Junior
7294,Michael
7295,Marlen
7296,Patrick
7297,Chase
7298,Lorenzo
7299,Logan
7300,Brian
7301,Ben
7302,Alan
7303,Michael
7304,Malik
7305,Derek
7306,Brayden
7307,Raashaan
7308,Harrison
7309,Jaylen
7310,Christian
7311,Devin
7312,Joseph
7313,Deshaun
7314,James
7315,Olu
7316,Jordan
7317,Jacob
7318,Josh
7319,Jaylon
7320,Chayce
7321,Antonio
7322,Coen
7323,Mandy
7324,Darrius
7325,Adeeb
7326,Nick
7327,Jestus
7328,Jacob
7329,Dewayne
7330,Jonathan
7331,Devin
7332,Anthony
7333,Tommy
7334,Ryan
7335,Logan
7336,Ryan
7337,Chris
7338,Mike
7339,Elijah
7340,Aaron
7341,West
7342,Billy
7343,Ty
7344,Bryce
7345,Jonathan
7346,Wayne
7347,Devin
7348,Jelani
7349,Hayden
7350,Lavel
7351,Josh
7352,Joe
7353,Noah
7354,Elliott
7355,Joseph
7356,Jonas
7357,Grant
7358,Demick
7359,Nick
7360,Hunter
7361,Jay
7362,Ronnie
7363,Dontayvion
7364,Bobby
7365,Nathaniel
7366,Iraken
7367,Joey
7368,Brennan
7369,DeVante
7370,Keytaon
7371,Olasunkonm
7372,Justin
7373,Artie
7374,Mike
7375,Chico
7376,Nusi
7377,Sackett
7378,Jahmeer
7379,Ben
7380,Tui
7381,Noah
7382,T.C.
7383,Nasir
7384,Jordan
7385,Jaylen
7386,Chamarri
7387,Wilfried
7388,Norell
7389,Maxx
7390,Alan
7391,Silas
7392,Lecitus
7393,Jermaine
7394,Malachi
7395,Jaylen
7396,Keli
7397,Jaden
7398,Dorian
7399,Brock
7400,Drake
7401,Dean
7402,Jalen
7403,Tyler
7404,Knox
7405,Keshawn
7406,John Parke
7407,Braxton
7408,Mattheus
7409,Luke
7410,Tahj
7411,James
7412,Tyrell
7413,J.R.
7414,Devon
7415,Amare
7416,Tayvion
7417,Dax
7418,Jesse
7419,Cole
7420,Keonta
7421,Danijel
7422,Josh
7423,Elijah
7424,Derrell
7425,Jaden
7426,Johnny
7427,Jalen
7428,TyJuan
7429,Lakeem
7430,Nick
7431,Tre
7432,Kaleb
7433,Brion
7434,Mario
7435,Keshon
7436,Kaden
7437,Tae
7438,Parker
7439,Peter
7440,Wayne
7441,Dallan
7442,Changa
7443,Nadir
7444,Connor
7445,Armani
7446,Marco
7447,Jack
7448,Raheem
7449,Eli
7450,D.J.
7451,Rick
7452,Loic
7453,Zach
7454,Justice
7455,Jaydon
7456,Luke
7457,Caelen
7458,C.J.
7459,Zion
7460,Kenneth
7461,Blake
7462,Ahmani
7463,Nasir
7464,Chase
7465,Theirry
7466,Isaiah
7467,D.J.
7468,Michael
7469,Dion
7470,Sean
7471,J.J.
7472,Tony
7473,Sulaiman
7474,Donald
7475,Cameron
7476,Christian
7477,A.J.
7478,Quinton
7479,Shaquille
7480,Coby
7481,Luiji
7482,Santino
7483,Luke
7484,KJ
7485,Trey
7486,Royce
7487,Will
7488,Nick
7489,Brandon
7490,Nick
7491,DeVonte
7492,Terrance
7493,Evan
7494,Kevin
7495,Tyriq
7496,Jaylen
7497,Christian
7498,Chelen
7499,Gavin
7500,Spencer
7501,Traveon
7502,JaCorey
7503,Sam
7504,Ryan
7505,Mitch
7506,Tyler
7507,Quincy
7508,Miles
7509,Donavon
7510,Jasheen
7511,Rondell
7512,Chase
7513,A.T.
7514,George
7515,Taylor
7516,Isaiah
7517,Jahmal
7518,Ivan
7519,Jaquarii
7520,Michael
7521,Cameron
7522,Jalen
7523,Mishael
7524,Richard
7525,Cooper
7526,Faatui
7527,Alphonzo
7528,Ben
7529,Sawyer
7530,Victor
7531,Quentin
7532,M.J.
7533,Devin
7534,Corey
7535,Daniel
7536,Edefuan
7537,Trent
7538,Camden
7539,Tuli
7540,Peyton
7541,Jacobe
7542,Brendan
7543,David
7544,Nate
7545,Kamren
7546,Terrell
7547,Jacob
7548,Bralen
7549,Myles
7550,Rome
7551,Jordan
7552,Julius
7553,Asa
7554,Lynn
7555,Henry
7556,Kyler
7557,Roger
7558,Mark
7559,Jackson
7560,Dylan
7561,Zion
7562,Giles
7563,Kamari
7564,Taj
7565,Matteo
7566,Geirean
7567,Ulumoo
7568,Jaxson
7569,Sam
7570,Sean
7571,Sam
7572,Jeremiah
7573,Patrick
7574,Alex
7575,James
7576,Sam
7577,Troy
7578,Noa
7579,Ryan
7580,Julius
7581,Savell
7582,Dominique
7583,Draco
7584,Cade
7585,Jack
7586,Cameron
7587,Race
7588,Elijah
7589,Luke
7590,Jernias
7591,Rodrick
7592,Jaden
7593,Calvin
7594,Jarrett
7595,Henry
7596,Gavin
7597,Jouvensly
7598,Anderson
7599,Derrick
7600,Armani
7601,Max
7602,Henry
7603,Jack
7604,Daniel
7605,Donovan
7606,C.J.
7607,Jayden
7608,Chris
7609,Ty
7610,Andrew
7611,Amir
7612,Armauni
7613,Christian
7614,Quinn
7615,Cade
7616,Travion
7617,Jarrett
7618,Dean
7619,Willie
7620,Jahad
7621,Moon
7622,Deon
7623,Kaleb
7624,Justin
7625,Ahmir
7626,Chau
7627,Joey
7628,Antonio
7629,Halid
7630,Liam
7631,Ron
7632,Alphonse
7633,Christian
7634,Lincoln
7635,Travell
7636,Tyrone
7637,Devin
7638,Jaylen
7639,Antonio
7640,Cooper
7641,Mitchell
7642,Konner
7643,Quinn
7644,Renard
7645,Brian
7646,Kyle
7647,Tanner
7648,George
7649,Abraham
7650,Nakia
7651,Cammon
7652,Nick
7653,Francisco
7654,Dallas
7655,Xavier
7656,Ben
7657,Brennan
7658,Justus
7659,Andrew
7660,Nick
7661,Alonzo
7662,Malachi
7663,Scottie
7664,Isaiah
7665,Sean
7666,Aubrey
7667,Goose
7668,Hammond
7669,Chris
7670,T.J.
7671,Garrett
7672,Tyler
7673,Wil
7674,Brayden
7675,VanDarius
7676,Naim
7677,James
7678,Mike
7679,Reese
7680,Charles
7681,Jalen
7682,Mazey
7683,John
7684,Taijh
7685,Dante
7686,Justin
7687,Wyatt
7688,Sean
7689,Zach
7690,Quay
7691,Troy
7692,Tomas
7693,Jordan
7694,Josh
7695,Sean
7696,Treylan
7697,Jairo
7698,Exree
7699,Victor
7700,Sam
7701,Tony
7702,Caleb
7703,Saint
7704,Lanell
7705,Jordan
7706,Jared
7707,Akheem
7708,Casey
7709,Deshawn
7710,Edward
7711,Doug
7712,Taurus
7713,Charles
7714,Jackie
7715,Lance
7716,Corey
7717,Daryl
7718,Parker
7719,Brandon
7720,Sam
7721,Winston
7722,Kaden
7723,Leddie
7724,Jarret
7725,Davis
7726,Bryce
7727,Graeson
7728,Trevor
7729,Ken
7730,Marshawn
7731,Delano
7732,Jaali
7733,Dylan
7734,Keith
7735,Christian
7736,Zach
7737,Anthony
7738,Bricen
7739,Dorian
7740,Sean
7741,Carson
7742,Nick
7743,Anthony
7744,Jacob
7745,Anthony
7746,Henry
7747,Logan
7748,Braden
7749,A.J.
7750,Mark
7751,Zaire
7752,Giacomo
7753,Thiago
7754,Kaleb
7755,Boone
7756,Akheem
7757,Ralph
7758,Quinton
7759,Matthew
7760,Tyson
7761,Corey
7762,Ryan
7763,Ali
7764,Bryce
7765,Jaxson
7766,Kainoa
7767,Corey
7768,Corvin
7769,Jaylen
7770,Cam
7771,Elijah
7772,Harrison
7773,Mitch
7774,Kyle
7775,Tony
7776,Therran
7777,Keni-H
7778,Mike
7779,Stuart
7780,Brandon
7781,Andre
7782,Calin
7783,Jack
7784,DaShon
7785,Adam
7786,Jack
7787,Mareyohn
7788,Skyy
7789,Dalton
7790,Wesley
7791,Addison
7792,Zahir
7793,Nick
7794,Brett
7795,Ryan
7796,Kaevion
7797,Jack
7798,Jake
7799,Aaron
7800,Collin
7801,Noah
7802,Dylan
7803,James
7804,Al
7805,Spencer
7806,Josh
7807,Keeanu
7808,Tatum
7809,Mike
7810,Braelon
7811,Skyler
7812,Hunter
7813,Nick
7814,Grover
7815,Joe
7816,Mike
7817,Jackson
7818,Michael
7819,C.J.
7820,Andy
7821,Leo
7822,Markus
7823,Riley
7824,Dean
7825,Jack
7826,Logan
7827,Tyler
7828,Collin
7829,Gio
7830,Tanor
7831,John
7832,Maema
7833,Jack
7834,T.J.
7835,Chase
7836,Cormac
7837,Chez
7838,Amaun
7839,Gavin
7840,Preston
7841,Logan
7842,Rodas
7843,Trey
7844,Isaiah
7845,Matt
7846,Caesar
7847,John
7848,Clay
7849,Alexander
7850,Faion
7851,Travian
7852,Isaac
7853,Semar
7854,Jack
7855,Hayden
7856,Chimere
7857,Jack
7858,Kendric
7859,Jack
7860,Graham
7861,Scott
7862,Danny
7863,Deacon
7864,A.J.
7865,Bryson
7866,Nofoafia
7867,Jaylen
7868,Parker
7869,Trey
7870,Shae
7871,Esaias
7872,Chad
7873,Keonte
7874,Eric
7875,Victor
7876,Read
7877,Will
7878,Connor
7879,Kolbey
7880,Jayden
7881,Mason
7882,Ralph
7883,John
7884,Logan
7885,Teagan
7886,Solomon
7887,Blayne
7888,Marco
7889,Blake
7890,Jeremy
7891,Cameron
7892,Rome
7893,Garrett
7894,Cameron
7895,Alex
7896,Latrell
7897,Easton
7898,Gavin
7899,Levi
7900,Sean
7901,Joshua
7902,Keegan
7903,Mana
7904,Alonzo
7905,Dawaiian
7906,Keyon
7907,Ravontae
7908,Colin
7909,Jordan
7910,Nick
7911,Gunner
7912,Xazavian
7913,Treyton
7914,Frank
7915,Azizi
7916,Ayden
7917,Gavin
7918,Isaiah
7919,Miles
7920,Cole
7921,Wyatt
7922,Braden
7923,Tyrese
7924,Rudy
7925,Sam
7926,Titus
7927,Jack
7928,DeVonne
7929,Micah
7930,Jackson
7931,Caleb
7932,Zach
7933,C.J.
7934,Wyett
7935,Jake
7936,Gunnar
7937,Shaq
7938,Demontrez
7939,Peyton
7940,Carlton
7941,Taylor
7942,Kimani
7943,Carloss
7944,Gage
7945,Craig
7946,Keyshawn
7947,Jayden
7948,Orlando
7949,D.K.
7950,Quayde
7951,Tez
7952,Jamontez
7953,T.J.
7954,Dell
7955,B.J.
7956,Richard
7957,K.J.
7958,Logan
7959,Kyle
7960,Luke
7961,Jordan
7962,Deandre
7963,Brooks
7964,Caleb
7965,Austin
7966,Luis
7967,Javon
7968,Ivan
7969,Elijah
7970,Will
7971,Phillip
7972,Markeis
7973,Derrick
7974,DeVon
7975,A.J.
7976,Luke
7977,Brooks
7978,John
7979,Kyle
7980,Taiyon
7981,Josh
7982,T.J.
7983,Toryque
7984,Antonio
7985,Buddha
7986,Jamarcus
7987,Dylan
7988,Jabre
7989,Grant
7990,Chase
7991,Deshon
7992,Carson
7993,Jarris
7994,Deyunkrea
7995,Bubba
7996,Reggie
7997,Kannon
7998,Zion
7999,Darrell
8000,Hamilton
8001,Reddy
8002,Damien
8003,Shakel
8004,Vincent
8005,Sean
8006,Ryan
8007,Kelvin
8008,Christian
8009,Mike
8010,Bryce
8011,Jason
8012,Keyon
8013,Jaelen
8014,Jayden
8015,Daquan
8016,Kelley
8017,Demarcus
8018,Will
8019,Brad
8020,Andrew
8021,Kevin
8022,Rashawn
8023,Demetris
8024,Davon
8025,Tyrone
8026,Jaren
8027,T.J.
8028,Demontrey
8029,Logan
8030,Ben
8031,Dwayne
8032,Cesar
8033,Brian
8034,A.J.
8035,Uriah
8036,Omarion
8037,Holden
8038,Jalen
8039,Mac
8040,Tramel
8041,Thad
8042,Jarren
8043,Darrian
8044,Cade
8045,Brian
8046,Joshua
8047,Mitchell
8048,Christophe
8049,Antonio
8050,Isaiah
8051,Darrien
8052,Xavier
8053,Brock
8054,Dustyn
8055,Jimmy
8056,Katravis
8057,Sebastian
8058,Nickolas
8059,Demaurez
8060,Latrell
8061,Gunnar
8062,Matthew
8063,Blake
8064,Yusef
8065,Timmy
8066,Jarrett
8067,Chris
8068,Mekhi
8069,Andrew
8070,Jamari
8071,Donovan
8072,Spencer
8073,Tyler
8074,Rasheed
8075,Derrick
8076,NaJee
8077,Quin
8078,Jalen
8079,Justin
8080,Anthony
8081,A.J.
8082,Brandon
8083,Alex
8084,Aaron
8085,Justin
8086,Liam
8087,Verneal
8088,Evan
8089,Gerald
8090,Harrison
8091,Amare
8092,L.J.
8093,Seth
8094,Tre
8095,Anthony
8096,Khaleb
8097,Parker
8098,Zyon
8099,Nick
8100,Randy
8101,Aaron
8102,J.D.
8103,Teva
8104,Dillon
8105,Darrell
8106,Cam
8107,Marques
8108,Andrew
8109,Beau
8110,Isaac
8111,Chase
8112,Derwin
8113,Sean
8114,Myzel
8115,Benz
8116,Jalen
8117,Eldrick
8118,Jjay
8119,Michael
8120,Caleb
8121,Kevon
8122,Caleb
8123,Khadry
8124,Kierron
8125,Tyrell
8126,Myles
8127,Brian
8128,Logan
8129,Chas
8130,Emil
8131,Justin
8132,Darius
8133,Josh
8134,Khalil
8135,Montae
8136,Griffin
8137,C.J.
8138,Logan
8139,Sam
8140,Dexter
8141,Jon
8142,Darius
8143,Terrion
8144,Bailey
8145,Jakairi
8146,C.J.
8147,Adam
8148,Daewood
8149,Malachi
8150,Dakota
8151,Craig
8152,Josh
8153,Mitchell
8154,Niko
8155,Dalvin
8156,Malik
8157,Jerreth
8158,Jamale
8159,River
8160,Kendall
8161,Joshua
8162,Cole
8163,Wes
8164,Quantaviou
8165,Colt
8166,Rusty
8167,Brodric
8168,Jack
8169,Boe
8170,Kye
8171,Gunner
8172,Mason
8173,Jaques
8174,DeAngelo
8175,Joey
8176,Jaden
8177,Juwuan
8178,Ben
8179,Michael
8180,Lichon
8181,David
8182,Darius
8183,Noah
8184,Marcus
8185,Jeremy
8186,Mike
8187,Will
8188,Bryson
8189,Kahlef
8190,Matthew
8191,Chris
