SPSL,SPLN
0,Sanford
1,Ngaima
2,Bush
4,Michel
5,Cochran
6,Jones
7,Patterson
8,Bugg
9,Herrera
10,Hallstrom
11,Booth
12,Youngblood
13,Mercer
14,Eure
15,Goff
16,Humphrey
17,Taylor
18,Eldridge
19,Trach
20,Malloy
21,Brockman
22,Thiergood
23,McCollough
24,Smalley
25,Gidrey
26,Lewis
27,Blackmon
28,Mock
29,Wimmer
30,Roberts
31,Taylor
32,Mack
33,Castonguay
34,Daniels
35,Fattah
36,Rashid
37,Davis
38,Kinamon
39,Paglialong
40,O'Neal
41,Larrier
42,Bryan
43,Holcomb
44,Jones
45,Polk
46,Bugg
47,Pescaia
48,King
49,Gooding
50,Meeks
51,Hughes
52,Cormier
53,Wills
54,Barker
55,Jackson
56,Mergerson
57,Burk
58,Ndago
59,Brittain
60,Bein
61,Spiewak
62,Dapore
63,Jefferson
64,Blum
65,Erickson
66,Goodwin
67,Karas
68,Hiestand
69,Kelly
70,Ognenovic
71,Thomas
72,Johnson
73,Hester
74,Ogbonna
75,Snowden
76,Bischof
77,Conroy
78,Jarrett
79,Watts
80,Durant
81,Norrils
82,Sy
83,Scott
84,Naim
85,Gathings
86,Amankwaa
87,Horton
88,Mathison
89,Sholty
90,Singleton
91,Williams
92,Boateng
93,McClain
94,Mumpfield
95,Hawkins
96,Chambers
97,Fonte
98,Cochran
99,Allen
100,Scippio
101,Marousek
102,Murphy
103,Williams
104,Fann
105,Nelson
106,Hooks
107,Irons
108,Smigel
109,Williams
110,Gray
111,Daniels
112,Arslanian
113,Guerrier
114,Yarmo
115,Howze
116,Gavriloff
117,Morton
118,Lyons
119,Proffitt
120,Richardson
121,Beckman
122,Georges
123,Robarge
124,Corner
125,Slike
126,Brank
127,DiLauro
128,Grimes
129,Johnson
130,Herring
131,Summersett
132,Jackson
133,Kelly
134,Bischof
135,Wilson
136,Qualls
137,Dever
138,Gibson
139,Dalcourt
140,Hall
141,Smith
142,Milroe
143,Braswell
144,Harris
145,Branch
146,Arnold
147,To'oto'o
148,Randolph
149,Cohen
150,Ferguson
151,Reichard
152,Burroughs
153,Mathis
154,Latu
155,Sanders
156,Latham
157,Baker
158,Robinson
159,Williams
160,Allen
161,Burnip
162,Wheaton
163,Jobe
164,Sanders
165,Koht
166,McClellan
167,Lee
168,Payne
169,Jackson
170,Kight
171,Tyson
172,Wright
173,Kennedy
174,Turner
175,Leary
176,Banks
177,Latham
178,McKinstry
179,Billings
180,Young
181,Wynn
182,Metchie
183,Quick
184,Ekiyor
185,Owens
186,Williams
187,Ebiogbe
188,Ray
189,Brown
190,Story
191,George
192,Dale
193,Anderson
194,Moore
195,Neal
196,Brooks
197,Tennison
198,Lawson
199,Bolden
200,Jones
201,Battle
202,Hellams
203,Earle
204,Holden
205,Armour
206,Moody
207,Young
208,Key
209,Morgan
210,Short
211,Wright
212,Berryhill
213,Mays
214,Wallace
215,Casteel
216,Garcia
217,Turner
218,Hayward
219,Harris
220,Mason
221,McCauley
222,Tatum
223,Navarro
224,Eckardt
225,John
226,Barnes
227,Wiley
228,Rocker
229,Young
230,Havrisik
231,Wilson
232,Barrs
233,Harris
234,Joiner
235,Fears
236,Donovan
237,Rutherford
238,Johnson
239,Young
240,Laie
241,Baker
242,Hand
243,Pandy
244,Mitchell
245,Stukes
246,Brown
247,Loop
248,Blackwell
249,Hebert
250,McCloud
251,Plummer
252,Cruz
253,Sulunga
254,Marshall
255,Watson
256,Diallo
257,Smith
258,Hodge
259,Langi
260,Johnson
261,Smith
262,Roberts
263,Lines
264,Shand
265,Reed
266,Smith
267,Williams
268,Freeburg
269,Maldonado
270,Hausman
271,Carr
272,Cunningham
273,Reid
274,Anderson
275,Curry
276,Wolma
277,Badger
278,Lott
279,Barry
280,Daniels
281,Ngata
282,Bourguet
283,Harts
284,Johnson
285,Pierce
286,Collins
287,Gammage
288,Pesefea
289,Sanders
290,Zendejas
291,Woods
292,Clark
293,Lucas
294,Cooper
295,Stivers
296,Williams
297,Glass
298,Stephens
299,Fields
300,Conyers
301,Diesch
302,Hattis
303,Johnson
304,Henderson
305,Shaffer
306,Regan
307,Czaplicki
308,Frias
309,Stansbury
310,Bell
311,Forman
312,Davis
313,Robertson
314,Banks
315,Moore
316,White
317,McLemore
318,Johnson
319,Davidson
320,Butler
321,Scott
322,Bray
323,Gentry
324,Morgan
325,Soelle
326,West
327,Johnson
328,Lambert
329,Pearsall
330,Matus
331,Markham
332,Trayanum
333,Williams
3,Porter
334,Lovell
335,Hill
336,Jones
337,Miller
338,Hatch
339,Shelton
340,Soelle
341,Wilson
342,Alexander
343,McCullough
344,Hodges
345,Cunningham
346,Green
347,Crawford
348,White
349,Parker
350,Catalon
351,Bauer
352,Brown
353,Gerald
354,Little
355,Nichols
356,Boykin
357,Miller
358,Williams
359,Gregory
360,Bishop
361,Parker
362,Morris
363,Johnson
364,Jefferson
365,Ball
366,Stromberg
367,St. John
368,Jones
369,Slusher
370,Knox
371,Wagner
372,Utsey
373,Kern
374,Latham
375,Henry
376,Limmer
377,Clenin
378,Henry
379,Johnson
380,Morgan
381,Hornsby
382,Stewart
383,Soli
384,Thompson
385,Burrle
386,Ridgeway
387,Pool
388,Crawford
389,Paul
390,Winkel
391,Clary
392,Chavis
393,Clark
394,Carter
395,Henderson
396,Carson
397,Gordon
398,Williams
399,Blair
400,Smith
401,Wells
402,Johnson
403,Foucha
404,Burks
405,Parodi
406,Warren
407,Hunt
408,Bush
409,Jackson
410,Jones
411,Sanders
412,Williams
413,Brooks
414,Holmes
415,Begeal
416,Blackman
417,Dutton
418,Ealy
419,McMillian
420,Switzer
421,Demmons
422,Hampton
423,Bean
424,Ozougwu
425,Hatcher
426,Painter
427,Murray
428,Harris
429,Simmons
430,Mays
431,Hunt
432,Flowers
433,Walker
434,Taumoepeau
435,Jones
436,Johnson
437,Mims
438,Hassler
439,Jackson
440,Woods
441,Brown
442,Stevenson
443,Fletcher
444,Grupe
445,Coppage
446,Green
447,Mincey
448,Harris
449,Traore
450,Harris
451,Kelly
452,Alexander
453,Miner
454,Pare
455,Parks
456,Shorter
457,Scott
458,Foreman
459,Smith
460,Still
461,Lamar
462,Jones
463,Blackwell
464,Bonner
465,Ayers
466,Rucker
467,Tyler
468,Motley
469,Jeffery
470,Hayes
471,Luebke
472,Hanson
473,Geathers
474,Fegans
475,Harden
476,Thomas
477,Thomas
478,Doss
479,Reimonenq
480,Scott
481,Muhammad
482,Bennett
483,Murphy
484,Howard
485,Bibbins
486,John
487,Baugh
488,Broughton
489,Laws
490,Harding
491,Stephens
492,Jacobs
493,Tyler
494,Komorowski
495,Hammonds
496,Finucane
497,Walters
498,Barnard
499,Veney
500,Dellinger
501,Lombardi
502,Caterbone
503,Roberts
504,Anderson
505,McDuffie
506,Filipowicz
507,Bonsu
508,Law
509,Frey
510,Adkins
511,Bishop
512,Alston
513,Knapp
514,McDonald
515,Hampton
516,Barczak
517,Cockrill
518,Jones
519,Morrison
520,Duran
521,Riley
522,Cameron
523,Holloway
524,Smith
525,Talley
526,Powell
527,Bellan
528,Lowin
529,Morris
530,Filisi
531,Smith
532,Jones
533,Eckert
534,Tobias
535,Donaldson
536,Richardson
537,Carter
538,Hill
539,Buchanan
540,Callaway
541,Moore
542,Kolinchak
543,Lingenfelt
544,Ciarlo
545,Ward
546,Smith
547,Jones
548,Robinson
549,Ballard
550,LaCroix
551,Voyne
552,Pappoe
553,Jackson
554,Johnson
555,Puckett
556,Monday
557,Kaufman
558,Pritchett
559,Canion
560,Robinson
561,Hunter
562,Manning
563,Riley
564,Brooks
565,Walker
566,Burks
567,Hunter
568,Harvey
569,Chapman
570,Finley
571,Hall
572,Height
573,Loy
574,Shivers
575,Shenker
576,King
577,Moultry
578,Bigsby
579,Johnson
580,Hamm
581,Simpson
582,Ingram
583,Steiner
584,Miller
585,Johnson
586,Troxell
587,Zierer
588,Butler
589,Wooten
590,Coffey
591,Willis
592,Pegues
593,Jones
594,Davis
595,Torrence
596,Johnson
597,Harris
598,Fair
599,Brahms
600,Dawson
601,Irvin
602,Council
603,McClain
604,Stutts
605,Tisdol
606,Leota
607,Tennison
608,Wright
609,Wooden
610,Knighten
611,Carlson
612,Deal
613,McCreary
614,Robertson
615,Fromm
616,Capers
617,Evans
618,Nix
619,Hudson
620,Jackson
621,Turner
622,Blackwell
623,Potts
624,Dunnuck
625,Brenson
626,Marcus
627,Crowe
628,Jones
629,Evans
630,Williams
631,Lezon
632,Cosby
633,Pearce
634,Anderson
635,Baldwin
636,Brownlee
637,Steele
638,Wahee
639,Todd
640,Albright
641,Koch
642,Mims
643,Meeder
644,Elrod
645,Coll
646,Daw
647,Martin
648,Rudy
649,Sape
650,Perrin
651,Schott
652,Tyler
653,Kendrick
654,Nondorf
655,Hall
656,Uzodinma
657,Magwood
658,Barfield
659,Littles
660,Agyemang
661,Newson
662,Kelly
663,Jillani
664,Stewart
665,Ramsey
666,Thomas
667,Jones
668,Kaylor
669,Lee
670,Schmidt
671,Haught
672,Burns
673,Ekpe
674,Boso
675,Paddock
676,Hatfield
677,McCulley
678,Plitt
679,Tarango
680,Hohlt
681,Blanco
682,Ward
683,Evans
684,Campbell
685,Woodard
686,Snyder
687,Slaven
688,Lewis
689,McGaughy
690,Ellis
691,Galvin
692,Milton
693,Johnson
694,McCarty
695,Henderson
696,Smith
697,Ogbonnaya
698,Jenkins
699,Franklin
700,Williams
701,Utley
702,Williams
703,Keith
704,Randolph
705,Jones
706,Jones
707,Ebner
708,Dabney
709,Williams
710,Barnes
711,Mayers
712,Obi
713,Neal
714,Ika
715,Estrada
716,Mazzccua
717,Morgan
718,Bernard
719,Pitre
720,Valentin
721,Heffernan
722,Miller
723,Kimble
724,Bean
725,Caston
726,McWilliams
727,Maxwell
728,Thornton
729,Saulin
730,Drones
731,Bohanon
732,Power
733,Sims
734,Brown
735,Newman
736,Landry
737,McVea
738,Fleeks
739,Reed
740,Gleeson
741,Byers
742,Williams
743,Texada
744,Woods
745,Gall
746,Hall
747,Henle
748,Logan
749,Jeffery
750,Ellis
751,Baldwin
752,Doyle
753,Sneed
754,Shapen
755,Garner
756,Holmes
757,Hanspard
758,Bonner
759,Randolph
760,Ojukwu
761,Noa
762,Peters
763,Velazquez
764,Verner
765,Matlock
766,Bowens
767,Holliday
768,Cravens
769,Oladipo
770,Bagnah
771,Igiehon
772,Whimpey
773,Kaniho
774,Cole
775,Skinner
776,LeBeauf
777,Tyler
778,Evans
779,Teubner
780,Biggers
781,Hawkins
782,Gonzalez
783,Schramm
784,Callahan
785,Obichere
786,Rafdal
787,Golden
788,Kaniho
789,Bolt
790,Harrington
791,Smith
792,Leong
793,Clark
794,Reed
795,Dalmas
796,Habibi
797,Sears
798,Crowe
799,Robinson
800,Van Buren
801,Herberg
802,Kelemete
803,Gums
804,Curran
805,Dooley
806,Kline
807,Osuji
808,Caples
809,Stetz
810,Hassanein
811,Bachmeier
812,Washington
813,Reed
814,Farrar
815,Jones
816,Freeborn
817,Hopper
818,Shakir
819,Koetter
820,Smith
821,Holani
822,Irwin
823,Green
824,McAlister
825,Cobbs
826,Eiguren
827,Kafentzis
828,DeBerry
829,Johnson
830,Williams
831,Jones
832,Dayne
833,Morehead
834,Asbury
835,Petrula
836,Ness
837,Rayam
838,Gill
839,Barlow
840,Valdez
841,Gordinier
842,Cheek
843,DeNucci
844,Okpala
845,Williams
846,Barry
847,Carlson
848,Banks
849,Sinkfield
850,Luchetti
851,Lindstrom
852,Arnold
853,Lewis
854,McGowan
855,Mahogany
856,DePalma
857,Steele
858,Blackwell
859,Davis
860,Trapilo
861,White
862,Pyne
863,Woodbey
864,Williams
865,Cline
866,Maitre
867,Onwuka
868,Sparacio
869,Johnson
870,Kendall
871,Palmer
872,Muse
873,Horsley
874,Conley
875,Mobley
876,Thompson
877,Grosel
878,Longman
879,Flowers
880,Bond
881,Vrabel
882,Dirstine
883,Sebastian
884,Sillah
885,Burton
886,Levy
887,Henderson
888,Byczko
889,Ezeiruaku
890,Galloway
891,Garwo
892,Witter
893,Coleman
894,Jurkovec
895,Jones
896,Grieco
897,Murphy
898,Brown
899,Sheppard
900,Jones
901,Simms
902,Stewart
903,Brand
904,Lawson
905,Daniels
906,Rogers
907,Woods
908,Washington
909,Guajardo
910,Broden
911,Bench
912,Raymore
913,Patterson
914,Banks
915,Sims
916,Brown
917,Davis
918,Vangorder
919,Neverov
920,Anders
921,Osborne
922,Zimmerly
923,Neri
924,Spires
925,Keith
926,Hardamon
927,Grant
928,Kilbride
929,Keller
930,Porter
931,Embry
932,Brown
933,Gazarek
934,McDonald
935,Hawkins
936,Little
937,Wilson
938,Roberts
939,Fortner
940,Kinsey
941,Padgett
942,Harmon
943,Burns
944,Spiess
945,Anderson
946,Day
947,Rosser
948,Hildebrand
949,Jones
950,Johnson
951,Oliver
952,Melton
953,Schiets
954,Needham
955,Dabney
956,Henderson
957,Haire
958,Wozniak
959,Naranjo
960,Horne
961,Wimberly
962,Russell
963,Croom
964,Brooks
965,Ferguson
966,Hasz
967,Williams
968,Patterson
969,Laing
970,Woetzel
971,Cook
972,Johnson
973,Rogers
974,Zimmer
975,McNulty
976,Weitz
977,Case
978,Gross
979,O'Neil
980,Zikuski
981,Burrell
982,Brown
983,McDuffie
984,Bazile
985,Black
986,Williams
987,Michel
988,Stephens
989,Wright
990,Riggins
991,Doty
992,Burniston
993,Tate
994,Fuzak
995,Borland
996,Klenk
997,King
998,Henderson
999,Ogunlade
1000,Myers
1001,Johnson
1002,Ruiz
1003,Doiron
1004,Polgar
1005,Laborn
1006,Akin
1007,Fuqua
1008,Terry
1009,Howze
1010,Claude
1011,Porter
1012,McNair
1013,Wolo
1014,Baltar
1015,Bycznski
1016,Gorczyka
1017,Shepard
1018,Folsom
1019,Ingram
1020,Todd
1021,Dolac
1022,Vantrease
1023,Washington
1024,Molinich
1025,Dozier
1026,Cahill
1027,Howze
1028,Powell
1029,King
1030,Wallace
1031,Marks
1032,Schaerer
1033,Johnson
1034,Gassett
1035,Fauatea
1036,Conover
1037,Oldroyd
1038,Katoa
1039,Christian
1040,Hill
1041,Tuioti
1042,Tooley
1043,Hayes
1044,Pay
1045,Roberts
1046,Haws
1047,Livingston
1048,Wake
1049,Davis
1050,Pyper
1051,Empey
1052,Billoups
1053,Allgeier
1054,Hanna
1055,Gunderson
1056,Criddle
1057,Mahe
1058,LaChance
1059,Hannemann
1060,Willis
1061,Harper
1062,Pau'u
1063,Summers
1064,Rex
1065,Ahn
1066,Kapisi
1067,Wilson
1068,Moore
1069,Tukuafu
1070,Maiava
1071,Romney
1072,Nacua
1073,Hall
1074,Jackson
1075,Rehkow
1076,Tanuvasa
1077,Holker
1078,Nacua
1079,Mandell
1080,Price
1081,Robinson
1082,Mangelson
1083,Kaufusi
1084,Leiataua
1085,Keim
1086,Pili
1087,Batty
1088,Barrington
1089,Herron
1090,Bywater
1091,Jackson
1092,Vickers
1093,Ellis
1094,Willis
1095,Freeland
1096,Brown
1097,Epps
1098,Jensen
1099,Boren
1100,Romney
1101,Nelson
1102,Wilgar
1103,Barrington
1104,Driscoll
1105,Johnson
1106,Rohme
1107,Sturdivant
1108,Clark
1109,Paster
1110,Roberts
1111,Remigio
1112,Ieremia
1113,Mettauer
1114,Maldonado
1115,Saunders
1116,Wilkins
1117,Rutchena
1118,Brooks
1119,Oladejo
1120,Craig
1121,Terry
1122,McKenzie
1123,Woodie
1124,Tonges
1125,Cindric
1126,Goode
1127,Correia
1128,Young
1129,Croteau
1130,Swinney
1131,Tevis
1132,Sheahan
1133,Iosefa
1134,Drayden
1135,Smith
1136,Hicks
1137,Crawford
1138,Smith
1139,Coleman
1140,Glover
1141,Deng
1142,Millner
1143,Calhoun
1144,Orr
1145,Gamble
1146,Anusiem
1147,Williams
1148,Reinwald
1149,Long
1150,Baker
1151,Longhetto
1152,Hunter
1153,Bequette
1154,Rask
1155,Anderson
1156,Mangum
1157,Tattersall
1158,Johnson
1159,Moore
1160,Daltoso
1161,Johnson
1162,Higgins
1163,Brooks
1164,Scott
1165,Bimage
1166,Patu
1167,Hearns
1168,Street
1169,Garbers
1170,Dancy
1171,Aguilar
1172,Moore
1173,Lofton
1174,McMullen
1175,Hescock
1176,Lester
1177,Davis
1178,Harris
1179,Thornton
1180,Joyce
1181,Hester
1182,Gatewood
1183,Barber
1184,Domio
1185,Bethune
1186,Good
1187,Hodges
1188,Brown
1189,Celiscar
1190,Obarski
1191,Baker
1192,Johnson
1193,Browder
1194,Schneider
1195,Dawson
1196,Marsh
1197,Hancock
1198,Leonard
1199,Francois
1200,Tatum
1201,Coles
1202,McMillian
1203,Ahmad
1204,Holler
1205,Armstrong
1206,Robinson
1207,Osteen
1208,Gainous
1209,Jones
1210,Myers
1211,Corbitt
1212,Johnson
1213,Richardson
1214,Gabriel
1215,Powell
1216,Suzuki
1217,Johnson
1218,Lee
1219,Woodson
1220,Bryant
1221,Rubelt
1222,Bullard
1223,Mosier
1224,Richards
1225,Brash
1226,Pauole
1227,Bell
1228,Adams
1229,Maxwell
1230,Bowser
1231,Goode
1232,O'Keefe
1233,Wilson
1234,Baptiste
1235,Griffin
1236,Montalvo
1237,Collins
1238,Keene
1239,Robinson
1240,Medley
1241,Jackson
1242,Rogers
1243,Swartout
1244,Simmons
1245,Palella
1246,Stepney
1247,McNary
1248,Goedeke
1249,Williams
1250,Reese
1251,Stokes
1252,Johnson
1253,Bauer
1254,Kent
1255,Raimann
1256,Hogan
1257,Reed
1258,Bailey
1259,McCoy
1260,Heldman
1261,Jackson
1262,Cochran
1263,Spann
1264,Jones
1265,Brown
1266,Nichols
1267,Incoom
1268,Bracy
1269,Bristol
1270,Sturkey
1271,Dixon
1272,Powell
1273,Stuart
1274,Smith
1275,Gumms
1276,Siddiq
1277,Lee
1278,Sanchez
1279,Elzinga
1280,Meeder
1281,Douglas
1282,Gwilly
1283,Richardson
1284,Wilson
1285,Lukes
1286,Parker
1287,Motowski
1288,Kimbrough
1289,Heinzen
1290,Kreski
1291,Sullivan
1292,Hill
1293,Bailey
1294,Brown
1295,Woods
1296,Whiteside
1297,Hairston
1298,Pape
1299,Rikard
1300,Brown
1301,Davis
1302,Law
1303,Cossou
1304,Ferris
1305,Sirmon
1306,Lewis
1307,Moretti
1308,Bowens
1309,Pimpleton
1310,Buczkowski
1311,Cooper
1312,Beavers
1313,Scott
1314,Ingle
1315,Hicks
1316,Mendiola
1317,Pauling
1318,Montgomery
1319,Ford
1320,Dingle
1321,Brooks
1322,Cook
1323,Glynn
1324,Taylor
1325,Jones
1326,Metz
1327,Jones
1328,Ruffin
1329,Adams
1330,Threats
1331,Whyle
1332,Collins
1333,Sheppard
1334,Tunstall
1335,Gerhardt
1336,Bush
1337,Jarmon
1338,Lawton
1339,Thomas
1340,Jones
1341,Briggs
1342,Wright
1343,Dublanko
1344,Smith
1345,Ridder
1346,Williams
1347,Ward
1348,Sanders
1349,Smith
1350,Pace
1351,Bumphis
1352,Prater
1353,Gardner
1354,Davis
1355,Scott
1356,Bryant
1357,Brown
1358,Smith
1359,Van Fossen
1360,Vann
1361,Phillips
1362,Taylor
1363,McConnell
1364,Fletcher
1365,McClelland
1366,Young
1367,Rainey
1368,O'Quinn
1369,Tucker
1370,Singletary
1371,Huber
1372,Anderson
1373,Woodside
1374,Pierce
1375,Wodtly
1376,Dingle
1377,Renfro
1378,Manigault
1379,Thompson
1380,Venables
1381,Spiers
1382,Ngata
1383,Rencher
1384,Booth
1385,Henry
1386,Ross
1387,Goodrich
1388,Davis
1389,Mickens
1390,Davis
1391,Jefferies
1392,Mafah
1393,Collins
1394,Williams
1395,Potter
1396,Maguire
1397,Spector
1398,Zhang
1399,Williams
1400,Taylor
1401,Foster
1402,Stellato
1403,Shipley
1404,Wiggins
1405,Tate
1406,Galloway
1407,Bockhorst
1408,Thornton
1409,McFadden
1410,Bentley
1411,Carter
1412,Putnam
1413,Simpson
1414,Helms
1415,Murphy
1416,Patterson
1417,Uiagalelei
1418,Turner
1419,Mukuba
1420,Trotter
1421,Orhorhoro
1422,Thomas
1423,Mascoll
1424,Ennis
1425,Ladson
1426,Rayburn
1427,Pennington
1428,Phillips
1429,Bresee
1430,Capehart
1431,Trotter
1432,Leigh
1433,Tchio
1434,Allen
1435,Skalski
1436,Pace
1437,Greene
1438,Denhoff
1439,Parks
1440,Lay
1441,Page
1442,Ajou
1443,Spector
1444,Jones
1445,Venables
1446,Zanders
1447,Collins
1448,Mayes
1449,Baugh
1450,Broussard
1451,Pell
1452,Martin
1453,Sami
1454,Oliver
1455,Penry
1456,Lewis
1457,Gonzalez
1458,Lichtenhan
1459,Rodman
1460,Jordan
1461,Lang
1462,Landman
1463,Fontenot
1464,Blackmon
1465,Jackson
1466,Van Diest
1467,Smith
1468,Lamb
1469,Davis
1470,Taylor
1471,Clayton
1472,Robinson
1473,Price
1474,Wray
1475,Roddick
1476,Jackson
1477,Pursell
1478,Shrout
1479,Perry
1480,Johnson
1481,Fillip
1482,Thomas
1483,Becker
1484,Fauria
1485,Gustav
1486,Lytle
1487,Ham
1488,Carter
1489,Lewis
1490,Russell
1491,Stacks
1492,Reed
1493,Barnes
1494,Maea
1495,Wells
1496,Kutsch
1497,Ray
1498,Shenault
1499,Perry
1500,Montgomery
1501,Lee
1502,Jynes
1503,Bethel
1504,Grant
1505,Arias
1506,Moore
1507,Simon
1508,Bell
1509,Rice
1510,Craig
1511,Stanley
1512,Lynch
1513,Watts
1514,Miller
1515,Robinson
1516,Appleton
1517,Wiley
1518,Mitchell
1519,Cameron
1520,Camper
1521,Guzman
1522,Kamara
1523,Centeio
1524,Snively
1525,Pannunzio
1526,Moore
1527,Francis
1528,Carter
1529,Rooks
1530,Ciaffoni
1531,Phillips
1532,Stewart
1533,Bailey
1534,McCullouch
1535,Williams
1536,Amina
1537,Thomas
1538,Williams
1539,Korutz
1540,McBride
1541,Gaynor
1542,Patchan
1543,Nelson
1544,Crump
1545,Brown
1546,Edwards
1547,Phillips
1548,Williams
1549,Floyd
1550,Strickland
1551,Jackson
1552,Butler
1553,Stonehouse
1554,McBride
1555,Howell
1556,McCoy
1557,Nanke
1558,O'Brien
1559,Jones
1560,Vivens
1561,Wright
1562,Wesley
1563,Li'o
1564,Ajayi
1565,Golden
1566,Reddy
1567,Jackson
1568,Terry
1569,Olaes
1570,Hunter
1571,Quiroga
1572,Elliott
1573,Johnson
1574,Picozzi
1575,Wa
1576,Harvey
1577,Plath
1578,Polendey
1579,Kress
1580,Herndon
1581,Jones
1582,Blackburn
1583,Scott
1584,Koclanakis
1585,Wilson
1586,Crespo
1587,Peebles
1588,Jones
1589,Finney
1590,Lewis
1591,Morris
1592,Ham
1593,Waters
1594,Long
1595,Young
1596,Stevens
1597,Wroten
1598,Carter
1599,Heyward
1600,Johnson
1601,Marwede
1602,Fisher
1603,Frye
1604,Bergeron
1605,Leonard
1606,Harding
1607,Reese
1608,Johnson
1609,Calhoun
1610,Stinson
1611,Gelotte
1612,Mausi
1613,Woods
1614,Oppan
1615,Barton
1616,Wilson
1617,Oben
1618,Franklin
1619,Pancol
1620,Holmberg
1621,Robertson
1622,Taylor
1623,Van Lynn
1624,Campbell
1625,Addo
1626,Djungu
1627,Diamont
1628,Moore
1629,Smith
1630,Dalmolin
1631,Bowen
1632,Pickett
1633,Craig
1634,Rorie
1635,Monk
1636,Thompson
1637,Durant
1638,Alexander
1639,Coleman
1640,Garner
1641,Smith
1642,Wohlabaugh
1643,Foley
1644,Bobo
1645,Pickett
1646,Blackwell
1647,Merrell
1648,Davis
1649,Hall
1650,Smith
1651,Carr
1652,Penn
1653,Holman
1654,Parmelly
1655,McIntyre
1656,Robinson
1657,Doctor
1658,Coleman
1659,Chalmers
1660,Ford
1661,McCray
1662,Larsen
1663,Donald
1664,Ahlers
1665,D'Abreu
1666,Johnson
1667,Berry
1668,McKinnie
1669,Stringer
1670,Fleming
1671,Wilk
1672,Mauney
1673,McKay
1674,Morris
1675,Powell
1676,Mitchell
1677,Young
1678,Dourseau
1679,Simpson
1680,Calhoun
1681,Malovic
1682,Jackson
1683,Jarman
1684,Rose
1685,Bivens
1686,Stephens
1687,Chase
1688,Vanderlaan
1689,McIver
1690,Phillips
1691,Henderson
1692,Bailey
1693,Hallenback
1694,Byrd
1695,Omotosho
1696,Tucker
1697,Jones
1698,Flinn
1699,Jones
1700,Snead
1701,Foote
1702,Lewis
1703,Saba
1704,Savage
1705,Laney
1706,Hatfield
1707,Strother
1708,Daffer
1709,Johnson
1710,Terry
1711,Ware
1712,Ramseur
1713,Stribling
1714,Frye
1715,Shuford
1716,Johnson
1717,Smith
1718,Hickman
1719,Garcia
1720,McMillian
1721,Harris
1722,Hickman
1723,Hudson
1724,Wilson
1725,Oakes
1726,Kadri
1727,Stagner
1728,Watson
1729,McGee
1730,Carter
1731,Scott
1732,Van Hoeven
1733,Peavy
1734,Crawford
1735,Jefferson
1736,Scheidt
1737,Hutchinson
1738,Donnellon
1739,Smith
1740,Daniel
1741,Smith
1742,Hubbard
1743,Ryland
1744,Haney
1745,Cannon
1746,Bates
1747,Paul
1748,Mitchell
1749,Swindle
1750,Speights
1751,Delso
1752,Evans
1753,Beydoun
1754,Julien
1755,Johnson
1756,Kaminski
1757,Knue
1758,Odukoya
1759,Merritt
1760,Rush
1761,Nowling
1762,Fordham
1763,Howie
1764,Cameron
1765,Smith
1766,Boone
1767,Ramirez
1768,Trueman
1769,Shine
1770,Jordan
1771,Williams
1772,Getzinger
1773,Drummond
1774,Bogan
1775,Vaden
1776,Summers
1777,Hamilton
1778,Sow
1779,LaFleur
1780,Lee
1781,Hamilton
1782,Stewart
1783,Smith
1784,Westland
1785,Evans
1786,Bess
1787,McAdams
1788,Gaines
1789,Douglas
1790,Dooley
1791,Myrick
1792,Bryant
1793,May
1794,Cox
1795,Johnson
1796,Fraziars
1797,Pouncey
1798,Miller
1799,Dean
1800,Gouraige
1801,Copeland
1802,Young
1803,Shorter
1804,White
1805,Richardson
1806,Weston
1807,Leonard
1808,Harrod
1809,Reese
1810,McDaniel
1811,Burney
1812,Lingard
1813,Jones
1814,Gamble
1815,Pierce
1816,Wright
1817,Zipperer
1818,Howard
1819,Tarquin
1820,Umanmielen
1821,Summerall
1822,Elam
1823,Sapp
1824,Bowman
1825,Williams
1826,Wilson
1827,Wingo
1828,Brunson
1829,Wilcox
1830,Dexter
1831,McMillon
1832,Torrence
1833,Christmann
1834,Marshall
1835,Crawshaw
1836,Delance
1837,Simonds
1838,Henderson
1839,Perkins
1840,Wells
1841,Davis
1842,Burke
1843,Bogle
1844,Humphries
1845,Elksnis
1846,Eguakun
1847,Wilcoxson
1848,Carter
1849,Whittemore
1850,Braun
1851,Lee
1852,Zanders
1853,Black
1854,Mincey
1855,Collier
1856,Mitchell
1857,Moon
1858,Diabate
1859,Valentino
1860,Hopper
1861,Helm
1862,Newkirk
1863,Wren
1864,Dent
1865,Fitzgerald
1866,Brown
1867,Tate
1868,Johnson
1869,Gant
1870,Shrader
1871,Briggs
1872,Cooper
1873,Lundy
1874,McClain
1875,Parchment
1876,Robinson
1877,Jackson
1878,Johnson
1879,Travis
1880,Corbin
1881,Washington
1882,Payton
1883,Williamson
1884,Henry
1885,Love
1886,Scott
1887,Andrews
1888,Helton
1889,Rector
1890,Gainer
1891,Dix
1892,Young
1893,Douglas
1894,Jay
1895,Ward
1896,Scott
1897,Gibbons
1898,DeLoach
1899,Burrell
1900,Milton
1901,West
1902,Mastro
1903,Rodemaker
1904,Toafili
1905,Brownlee
1906,Williams
1907,Dotson
1908,Jones
1909,Cushnie
1910,Herring
1911,Willis
1912,Wilson
1913,Rice
1914,Poitier
1915,Fuller
1916,McClellion
1917,Smith
1918,Thomas
1919,Williams
1920,Green
1921,Thompson
1922,Goss
1923,Lovett
1924,Ray
1925,Wilson
1926,Jackson
1927,Knowles
1928,Orr
1929,McRae
1930,McKnight
1931,McDonald
1932,Henderson
1933,Fife
1934,Haener
1935,Halfrack
1936,Wilmore
1937,Mims
1938,Rivers
1939,Bigelow
1940,Cropper
1941,Jones
1942,Edwards
1943,Arceneaux
1944,Fullwood
1945,Wheatfall
1946,Pope
1947,Kelly
1948,Pauwels
1949,Perales
1950,Rodriguez
1951,Watson
1952,Akingbulu
1953,Bull
1954,Guerrero
1955,Carson
1956,Adkins
1957,Smith
1958,Sampson
1959,Schmidt
1960,Penright
1961,Beachem
1962,Abbs
1963,Nelson
1964,Jones
1965,Blount
1966,Agina
1967,Boehm
1968,Johnson
1969,Brown
1970,Atkins
1971,Lawson
1972,Bennett
1973,Payne
1974,Lewis
1975,Bridges
1976,Pait
1977,Mosby
1978,Langley
1979,Maeva
1980,Branham
1981,Brooks
1982,Bailey
1983,Mello
1984,Lux
1985,Perry
1986,Williams
1987,Gates
1988,Free
1989,Jordan
1990,Brooks
1991,Bland
1992,Strong
1993,Sanders
1994,Williams
1995,Comstock
1996,Early
1997,Houston
1998,Silva
1999,King
2000,Vavao
2001,Condon
2002,McConkey
2003,Sorey
2004,Green
2005,Kendrick
2006,White
2007,Speed
2008,Shaffer
2009,Podlesny
2010,Walker
2011,Smith
2012,Fitzpatric
2013,Salyer
2014,Willock
2015,Blaylock
2016,Daniels
2017,Dean
2018,Beck
2019,Davis
2020,Logue
2021,Bowers
2022,Brinson
2023,Carter
2024,Sherman
2025,Mondon
2026,Wyatt
2027,Van Pran
2028,Walker
2029,Mitchell
2030,Smith
2031,Chambliss
2032,Smith
2033,Beal
2034,Truss
2035,Jackson
2036,Bennett
2037,Cook
2038,Jackson
2039,Vandagriff
2040,Edwards
2041,Daniel
2042,Stackhouse
2043,Washington
2044,McClendon
2045,Burton
2046,Robinson
2047,Nguyen
2048,Anderson
2049,Bullard
2050,Milton
2051,Brini
2052,McIntosh
2053,Smith
2054,Lassiter
2055,Davis
2056,Ericson
2057,Tindall
2058,Lindberg
2059,Mims
2060,Cine
2061,Gilbert
2062,Pickens
2063,Camarda
2064,Ratledge
2065,Ringo
2066,Johnson
2067,Jones
2068,Walthour
2069,Kimber
2070,Lockhart
2071,Chimedza
2072,Johnson
2073,Thomas
2074,Tatum
2075,Harris
2076,Walker
2077,Deveney
2078,Blackburn
2079,Brooks
2080,Yondjouen
2081,Carpenter
2082,Sims
2083,Oliver
2084,Brooks
2085,Watson
2086,King
2087,Sanders
2088,Jackson
2089,Kennard
2090,Harris
2091,Vaipulu
2092,Robinson
2093,Franks
2094,Griffin
2095,Minihan
2096,Cimaglia
2097,Swilling
2098,White
2099,Franklin
2100,Kirby
2101,McCollum
2102,Beatty
2103,Yates
2104,Smith
2105,Leftwich
2106,Rey
2107,Allen
2108,Ivey
2109,Maye
2110,Sims
2111,Edwards
2112,Norris
2113,Lay
2114,Pendley
2115,Ward
2116,McGowan
2117,Gibbs
2118,Williams
2119,Cochran
2120,Boyd
2121,Eley
2122,Biggers
2123,Clayton
2124,Domineck
2125,Griffin
2126,King
2127,Peery
2128,Shanahan
2129,Carter
2130,Knight
2131,Johnson
2132,Cooper
2133,Huff
2134,Mason
2135,Scott
2136,Thomas
2137,Leonard
2138,Walton
2139,Mardner
2140,Tonga
2141,Nelson
2142,Sotelo
2143,Ritner
2144,Killins
2145,Davis
2146,Ford
2147,Hunter
2148,Manning
2149,McKinney
2150,Turner
2151,Cordeiro
2152,Tufaga
2153,Muasau
2154,Taylor
2155,Parson
2156,Bethley
2157,Fiso
2158,Turner
2159,Bernal
2160,Evaimalo
2161,Edden
2162,Pavihi
2163,Dalton
2164,Vaipulu
2165,Choi
2166,Azunna
2167,Vanterpool
2168,Welch
2169,Phillips
2170,Ta'ala
2171,Laulu
2172,Marsh
2173,Shipley
2174,Hopp
2175,Umiamaka
2176,Thomas
2177,Johnson
2178,Tuitupou
2179,Washington
2180,Aguero
2181,Wilson
2182,Ta'ala
2183,Walthall
2184,Tavai
2185,Matthews
2186,Schager
2187,Cephus
2188,Stack
2189,Pryor
2190,Tanuvasa
2191,Frazier
2192,Edwards
2193,Blocker
2194,Perdue
2195,Lockridge
2196,Keliiliki
2197,Panoke
2198,Levao
2199,Bowens
2200,Smart
2201,Scott
2202,Burton
2203,Baker
2204,Nishigaya
2205,Kaneshiro
2206,Phillips
2207,Mataafa
2208,Neal
2209,Lawrence
2210,Mwaniki
2211,Jones
2212,Carmouche
2213,Bankston
2214,Massoud
2215,Lewis
2216,Vaughn
2217,Dalton
2218,Parish
2219,Gooden
2220,Bell
2221,Wilson
2222,Todd
2223,Car
2224,Williams
2225,Henry
2226,Rogers
2227,Creamer
2228,Nunnery
2229,Anenih
2230,Johnson
2231,Wilkins
2232,Bowman
2233,Bardwell
2234,Stewart
2235,Freeman
2236,Jones
2237,Hogan
2238,Green
2239,Ceasar
2240,Dell
2241,Robinson
2242,Jenkins
2243,Unije
2244,Kopp
2245,Singleton
2246,Herslow
2247,Beadles
2248,Emery
2249,Paul
2250,Nwankwo
2251,Sawyer
2252,Hall
2253,Ogbogu
2254,Street
2255,Mutin
2256,Erwin
2257,Hypolite
2258,Withers
2259,Trahan
2260,Russey
2261,Owens
2262,Boatman
2263,Sprewell
2264,McCaskill
2265,Anderson
2266,Carter
2267,Oddington
2268,Green
2269,Garner
2270,Banes
2271,Walker
2272,Murphy
2273,Guidry
2274,Tune
2275,Smith
2276,Williams
2277,Streeter
2278,Ross
2279,Hunter
2280,Favors
2281,Sutton
2282,White
2283,Jericho
2284,Paillant
2285,Brice
2286,Noel
2287,Subotsch
2288,Cobb
2289,Lindsay
2290,Pearson
2291,Jackson
2292,Isler
2293,Evans
2294,Davis
2295,McFarland
2296,Taylor
2297,Williams
2298,Staton
2299,Virgil
2300,Small
2301,Huff
2302,Harrington
2303,Gibbs
2304,Daley
2305,Brown
2306,Arnholt
2307,Hodges
2308,McLeod
2309,Bird
2310,Moffitt
2311,Smith
2312,Williams
2313,Wells
2314,Brown
2315,Tucker
2316,Tabscott
2317,Hennigan
2318,Hampton
2319,Horn
2320,Huesman
2321,Powers
2322,Doublin
2323,McKnight
2324,Dawkins
2325,Ramsey
2326,Helms
2327,Smith
2328,McNichols
2329,Jones
2330,Sullivan
2331,Stroman
2332,Cone
2333,Spurlin
2334,Clarke
2335,Lowman
2336,Roof
2337,Frizzell
2338,Hardy
2339,Everett
2340,Essek
2341,Larkins
2342,Jolly
2343,Earle
2344,Peoples
2345,Castle
2346,Gesky
2347,Takaya
2348,Adams
2349,Wisecarver
2350,Hayes
2351,Hudson
2352,Spann
2353,Palczewski
2354,Navarro
2355,Newton
2356,Love
2357,McConnell
2358,Slaughter
2359,Nicholson
2360,Woods
2361,McCray
2362,Johnson
2363,Carney
2364,Washington
2365,Lowe
2366,Tolson
2367,Kirts
2368,Randolph
2369,Pearl
2370,Odeluga
2371,Washington
2372,Brown
2373,Joseph
2374,Gay
2375,Smith
2376,Hansen
2377,Barlev
2378,Sitkowski
2379,Okpala
2380,Griffin
2381,Peters
2382,Ford
2383,Brown
2384,Martin
2385,Plohr
2386,Curry
2387,Cronin
2388,Bryant
2389,Holmes
2390,Robertson
2391,McCourt
2392,Scott
2393,Edwards
2394,Kramer
2395,Reiman
2396,Sandy
2397,Collier
2398,Barker
2399,Campbell
2400,Strain
2401,Perry
2402,Badovinac
2403,Smith
2404,Brown
2405,Bryant
2406,Pihlstrom
2407,Hart
2408,Kreutz
2409,Williams
2410,Coleman
2411,Barnes
2412,Green
2413,Cooper
2414,Jeresaty
2415,Ray
2416,Fitzgerald
2417,Carpenter
2418,Campbell
2419,Williams
2420,Robbins
2421,Freeman
2422,Wise
2423,Serrento
2424,Jones
2425,Casey
2426,Hewitt
2427,Williams
2428,Person
2429,Bjorson
2430,Anderson
2431,Smith
2432,Bonhomme
2433,Smith
2434,Watley
2435,Weaver
2436,Handy
2437,Nofagato
2438,Jones
2439,Bryant
2440,Kramer
2441,Steinfeldt
2442,McFadden
2443,Katic
2444,Keys
2445,Grier
2446,Evans
2447,Layne
2448,Fiacable
2449,Poindexter
2450,Carr
2451,Fryfogle
2452,McCulley
2453,Holloman
2454,Feeney
2455,Bedford
2456,Rafferty
2457,Matthews
2458,Holtz
2459,O'Connor
2460,Pierre
2461,Burgess
2462,Tuttle
2463,Barner
2464,Williams
2465,Miller
2466,Matthews
2467,Marshall
2468,Holt
2469,Penix
2470,Childers
2471,Howland
2472,Swinton
2473,Hendershot
2474,Taylor
2475,Mullen
2476,Powell
2477,Haggard
2478,Knight
2479,Elliott
2480,Jones
2481,Bonds
2482,Sales
2483,McCrary
2484,Vines
2485,Schott
2486,Hankins
2487,Britt
2488,Koerner
2489,Shannon
2490,Jones
2491,Fagan
2492,Van Ness
2493,Castro
2494,Davidkov
2495,Williams
2496,Hogan
2497,Moss
2498,Linderbaum
2499,Ceballos
2500,Pallissard
2501,Belton
2502,DeJean
2503,Craig
2504,Campbell
2505,Richman
2506,Waggoner
2507,Valken
2508,Reames
2509,Tracy
2510,Benson
2511,Black
2512,Evans
2513,Shudak
2514,Sullivan
2515,Elsbury
2516,Williams
2517,Plumb
2518,Lee
2519,Roberts
2520,DeJong
2521,Lawson
2522,Hurkett
2523,Blom
2524,Higgins
2525,Harris
2526,Ragaini
2527,Fisher
2528,Ince
2529,Merriam
2530,Hilson
2531,Johnson
2532,Schulte
2533,Colby
2534,Goodson
2535,Bruce
2536,Jones
2537,Jacobs
2538,Lachey
2539,Petras
2540,Hutson
2541,Ritter
2542,Kelly
2543,Bruce
2544,Taylor
2545,Bracy
2546,Yelverton
2547,Volk
2548,Padilla
2549,Myslinski
2550,Pottebaum
2551,LaPorta
2552,Harrell
2553,Dekkers
2554,Brock
2555,McDonald
2556,Shaw
2557,Amos
2558,Scates
2559,Uwazurike
2560,Miller
2561,Verdon
2562,Kyle
2563,Tampa
2564,Young
2565,Purchase
2566,Downing
2567,Chambers
2568,Anderson
2569,Assalley
2570,Horne
2571,Singleton
2572,Suttle
2573,Petersen
2574,Wilson
2575,Peterson
2576,Porter
2577,Davis
2578,Hummel
2579,Pederson
2580,Newell
2581,Lee
2582,Dunn
2583,Vance
2584,Young
2585,Vaughn
2586,Marshall
2587,Rengert
2588,Robertson
2589,Schweiger
2590,Hutchinson
2591,Simmons
2592,Freyler
2593,Dean
2594,Eisworth
2595,Allen
2596,Wilson
2597,Noel
2598,Miller
2599,Maro
2600,Rus
2601,Milton
2602,Bonifas
2603,Hall
2604,Foster
2605,Silas
2606,Pauls
2607,Moore
2608,Sanders
2609,Purdy
2610,Rose
2611,Hufford
2612,Remsburg
2613,Ramos
2614,Jackson
2615,King
2616,McDonald
2617,Bouman
2618,Kolar
2619,Johnson
2620,Brown
2621,Sauser
2622,DeBose
2623,Daniels
2624,Neal
2625,Hishaw
2626,Burt
2627,Potter
2628,Locklin
2629,Taylor
2630,Caldwell
2631,Wilson
2632,Sampson
2633,Cabeldue
2634,Kardell
2635,Bryant
2636,Werner
2637,Person
2638,Logan
2639,Staley
2640,Miller
2641,Rector
2642,Burroughs
2643,Fairchild
2644,Parker
2645,Ford
2646,Vernon
2647,Dineen
2648,Gilliom
2649,Berryhill
2650,Webb
2651,Dabney
2652,Bostick
2653,McBride
2654,Wilson
2655,Lopeti
2656,White
2657,Clark
2658,McGee
2659,Borcila
2660,Huggins
2661,Easters
2662,Channel
2663,Wheeler
2664,Grunhard
2665,Robinson
2666,Alexander
2667,Gaines
2668,Novitsky
2669,Brown
2670,Golightly
2671,Sterns
2672,Hawley
2673,Lewis
2674,Johnson
2675,Lee
2676,Hughes
2677,Mayberry
2678,Lassiter
2679,Betts
2680,Adams
2681,Wilson
2682,Pesek
2683,Dotson
2684,Bean
2685,Grimm
2686,Arnold
2687,Thomas
2688,Kendrick
2689,Miles
2690,Arnold
2691,Johnson
2692,Knowles
2693,Leveston
2694,Denson
2695,Elder
2696,Wheeler
2697,Hentz
2698,Willis
2699,Horne
2700,Thompson
2701,Gainous
2702,Lenners
2703,Taylor
2704,Ervin
2705,Beebe
2706,Wood
2707,Blumer
2708,Vaughn
2709,Panzer
2710,Jackson
2711,Warner
2712,Matlack
2713,Adler
2714,Fletcher
2715,Moore
2716,Huggins
2717,Gillum
2718,Allen
2719,Immobile
2720,Massie
2721,Lewis
2722,Weber
2723,Henington
2724,Boye
2725,Delforge
2726,Brooks
2727,Gardner
2728,Zentner
2729,Mitchum
2730,Pritchard
2731,Jones
2732,Wright
2733,Henry
2734,Duke
2735,Garber
2736,Brents
2737,Stromm
2738,Garcia
2739,Weathers
2740,Green
2741,Martin
2742,Dineen
2743,Munoz
2744,Jones
2745,Long
2746,Leingang
2747,Duffie
2748,Uzomah
2749,Rivas
2750,Trussell
2751,Smith
2752,Crook
2753,Pickle
2754,Howard
2755,Daniels
2756,Yeast
2757,Rubley
2758,Taleni
2759,McPherson
2760,Whaley
2761,Marshall
2762,Huntington
2763,Bradford
2764,Richardson
2765,Frow
2766,Lamptey
2767,Isaac
2768,Johnson
2769,Schlee
2770,Williams
2771,West
2772,Bolden
2773,Johns
2774,Miller
2775,Carpenter
2776,Washington
2777,Burke
2778,Hackett
2779,Bangura
2780,Williams
2781,Ratliff
2782,Hines
2783,Williams
2784,West
2785,Cooper
2786,Brewster
2787,Cephas
2788,Coleman
2789,Harmon
2790,Glass
2791,Smith
2792,Kipp
2793,Crum
2794,Diaby
2795,Pierre
2796,Kracht
2797,Gregoire
2798,Price
2799,Bailey
2800,Kuduk
2801,James
2802,Gamble
2803,Nunez
2804,Musolino
2805,Monnin
2806,Poke
2807,Floriea
2808,Blue
2809,Holmes
2810,Dulka
2811,Bangda
2812,Abram
2813,Cook
2814,Smith
2815,Walker
2816,Clement
2817,Clark
2818,Williams
2819,Orr
2820,Vance
2821,Harris
2822,Allan
2823,Johnson
2824,West
2825,Leach
2826,Wallace
2827,Sherald
2828,Slattery
2829,Wilson
2830,Hayes
2831,Lewis
2832,Young
2833,Upshaw
2834,Douglass
2835,Rybka
2836,Tisdale
2837,McCall
2838,Bates
2839,Flax
2840,McClain
2841,Gibson
2842,Crowdus
2843,Dodson
2844,Scalzo
2845,Harris
2846,Allen
2847,Tisdale
2848,Oxendine
2849,McDaniel
2850,Ruffolo
2851,Kinnard
2852,Rogers
2853,Drennen
2854,Fortner
2855,Wallace
2856,Dingle
2857,Geiger
2858,Dotson
2859,Jones
2860,Corker
2861,Berry
2862,Valentine
2863,Sheron
2864,Levis
2865,Weaver
2866,Paschal
2867,Fitzgerald
2868,Thrower
2869,Burton
2870,Horsey
2871,Rigg
2872,Casey
2873,Buford
2874,Anaele
2875,Cox
2876,Crumes
2877,Bembry
2878,Phillips
2879,Smoke
2880,Cummings
2881,Mosely
2882,Robinson
2883,Robinson
2884,Lewis
2885,Huey
2886,Epps
2887,Dort
2888,Morgan
2889,Ali
2890,Rosenthal
2891,Wright
2892,Lovett
2893,Square
2894,Saunders
2895,Rodriguez
2896,Ajian
2897,Williams
2898,Hall
2899,Williams
2900,Rossell
2901,Woods
2902,Kelly
2903,Calhoun
2904,Allen
2905,Grubbs
2906,Gordon
2907,Rieder
2908,Hamilton
2909,Means
2910,Rose
2911,Barajas
2912,Bean
2913,Williamson
2914,Baldwin
2915,Walker
2916,Emilus
2917,Dixon
2918,Holstein
2919,Barnes
2920,Graham
2921,White
2922,Morrison
2923,Hebert
2924,Henry
2925,Allen
2926,Magee
2927,Barnes
2928,Crosby
2929,Fisher
2930,Fulp
2931,Bruno
2932,Mason
2933,Jackson
2934,Dickey
2935,Garner
2936,Kelly
2937,Kendzior
2938,Hannibal
2939,Lyles
2940,Fournier
2941,Cole
2942,Turner
2943,Clark
2944,Mote
2945,Delfin
2946,Bell
2947,Bell
2948,Johnson
2949,Maxwell
2950,Hollins
2951,Gilbert
2952,Baker
2953,Buchanan
2954,Harris
2955,Mason
2956,Kendall
2957,Ladler
2958,Carabin
2959,Lewis
2960,Head
2961,Williams
2962,Adams
2963,Harris
2964,Brown
2965,Barnett
2966,Anthony
2967,Black
2968,Walker
2969,Watkins
2970,Collins
2971,Harrell
2972,Abdullah
2973,Brown
2974,Cooley
2975,Lewis
2976,Kinnaird
2977,Minkins
2978,Dawson
2979,Bentley
2980,Cloyd
2981,Dorsey
2982,Lawson
2983,Franklin
2984,Martin
2985,Burkley
2986,Perry
2987,Edwards
2988,Boykin
2989,Kandra
2990,Carter
2991,Baynes
2992,Jones
2993,Cunningham
2994,Mullen
2995,Hall
2996,Duncan
2997,Vassett
2998,Gonzalez
2999,Huggins
3000,Alderman
3001,Robbins
3002,Hudson
3003,Peterson
3004,Okeke
3005,Dallas
3006,Brown
3007,Jones
3008,Tell
3009,Chandler
3010,Gillotte
3011,Smith
3012,Puryear
3013,Cole
3014,Melton
3015,Turner
3016,Montgomery
3017,Reid
3018,Peterson
3019,Ford
3020,Johnson
3021,Bryant
3022,Clark
3023,Vance
3024,Clark
3025,Mitchell
3026,Turner
3027,Sherman
3028,Marshall
3029,Wilson
3030,Boone
3031,Conley
3032,Werts
3033,Fagot
3034,Avery
3035,Diaby
3036,Shanahan
3037,Jenkins
3038,Little
3039,Clark
3040,McGhee
3041,Goodwin
3042,Baker
3043,Palmer
3044,Evans
3045,Gaye
3046,Todd
3047,Hill
3048,York
3049,Harris
3050,Sampah
3051,Dellinger
3052,Smith
3053,Nabers
3054,Hilton
3055,Stingley
3056,Anthony
3057,Fonua
3058,Thomas
3059,Taylor
3060,Martinez
3061,Flott
3062,Dumervil
3063,Nussmeier
3064,Small
3065,Wire
3066,Bech
3067,Ward
3068,Kiner
3069,McGlothern
3070,Boutte
3071,Farrell
3072,Ingram
3073,Lewis
3074,Emery
3075,Bradford
3076,Ojulari
3077,Logan
3078,Davis
3079,Jackson
3080,Ryan
3081,Lee
3082,Jones
3083,Jones
3084,Roy
3085,Cherry
3086,Johnson
3087,Williams
3088,Cage
3089,Jones
3090,Hines
3091,Atkins
3092,Mashburn
3093,Burns
3094,Evans
3095,Toles
3096,Kirklin
3097,Webb
3098,Ricks
3099,Turner
3100,Smith
3101,Tavares
3102,Guillory
3103,Deculus
3104,Strong
3105,Murphy
3106,Evans
3107,Meeks
3108,Hardeman
3109,Scarcelle
3110,Bowers
3111,Johnson
3112,Payne
3113,Porter
3114,Morrell
3115,Ahmed
3116,Croom
3117,Alston
3118,Tucker
3119,Carpenter
3120,Renalds
3121,Magee
3122,Smith
3123,Richardson
3124,Jackson
3125,Williams
3126,Bright
3127,Beauplan
3128,Bush
3129,Chang
3130,Ciucci
3131,Sartor
3132,Ulmer
3133,Anderson
3134,Driskell
3135,Gray
3136,Williams
3137,Johnson
3138,Osburn
3139,Evans
3140,Burton
3141,Martin
3142,LeFevre
3143,Smith
3144,Abraham
3145,Bell
3146,Gaines
3147,Drayton
3148,Kirkendoll
3149,Coffman
3150,Foster
3151,Everhart
3152,McCoy
3153,Horton
3154,Simmons
3155,Taylor
3156,Mollette
3157,Gilmore
3158,Cavicante
3159,Johnson
3160,Edwards
3161,Salguero
3162,Hagler
3163,Miller
3164,Wells
3165,Ali
3166,Gammage
3167,Fancher
3168,McMillan
3169,Neal
3170,Zban
3171,Stakem
3172,Keaton
3173,Montgomery
3174,Fleming
3175,Nasili
3176,Spraggins
3177,Gotay
3178,Jennings
3179,Lunsford
3180,Cross
3181,Johnson
3182,Duncan
3183,Love
3184,Dippre
3185,Coley
3186,Rose
3187,Robinson
3188,Finger
3189,Finau
3190,Rogers
3191,Banks
3192,Udinski
3193,Petrino
3194,McDougle
3195,Miller
3196,Booker
3197,Branch
3198,Jones
3199,Hyppolite
3200,Tagovailoa
3201,Mosley
3202,Dyches
3203,Tomlin
3204,Porter
3205,Moran
3206,Lewis
3207,Harris
3208,Bennett
3209,Okuayinonu
3210,McCullough
3211,Carriere
3212,Demus
3213,McDonald
3214,Wolff
3215,Beattie
3216,King
3217,Anderson
3218,Okonkwo
3219,Nchami
3220,Boone
3221,Jones
3222,Brade
3223,Trader
3224,Jarrett
3225,Holt
3226,Fleming
3227,Hazel
3228,Perkins
3229,Baylor
3230,Glaze
3231,Fleet
3232,Bennett
3233,Pecorella
3234,Foust
3235,Gregory
3236,Cobbs
3237,Green
3238,Gorgas
3239,Faamatau
3240,Smith
3241,Thomas
3242,Still
3243,Lee
3244,Parham
3245,Rubin
3246,Rivers
3247,Weaver
3248,Russell
3249,Johnson
3250,Lindsey
3251,Wright
3252,Taylor
3253,Nelson
3254,White
3255,Denson
3256,Alford
3257,Mathieu
3258,White
3259,Clark
3260,Fields
3261,Austin
3262,Watkins
3263,Dykes
3264,Mashburn
3265,Henigan
3266,Blake
3267,Allen
3268,Fleming
3269,Oliver
3270,Jones
3271,Jackson
3272,Dale
3273,Drogba
3274,Sims
3275,Smith
3276,Lewis
3277,Cartwright
3278,Martin
3279,Joseph
3280,Oladele
3281,Raby
3282,Tate
3283,Doyle
3284,Hastings
3285,Barnett
3286,Grant
3287,Jones
3288,Likes
3289,Martin
3290,Francis
3291,Robinson
3292,Myers
3293,Ellis
3294,Clemons
3295,Parrish
3296,Gambill
3297,Brown
3298,Kimbrough
3299,Pickens
3300,Prieskorn
3301,Ducksworth
3302,Drake
3303,Rogers
3304,Evans
3305,Ivory
3306,Thomas
3307,Dobbs
3308,Cullens
3309,Emerson
3310,Gunnell
3311,Owens
3312,Huff
3313,Flagg
3314,Brooks
3315,Harvey
3316,Mallory
3317,Jennings
3318,Rodriguez
3319,Walker
3320,Taylor
3321,Davis
3322,Matocha
3323,Rivers
3324,Roberts
3325,Restrepo
3326,Johnson
3327,Chaney
3328,Donaldson
3329,Knighton
3330,George
3331,Borregales
3332,Nelson
3333,Garcia
3334,Silvera
3335,Harrison
3336,Miller
3337,Gaynor
3338,Smith
3339,Hall
3340,Rambo
3341,Smith
3342,Clark
3343,Bolden
3344,Hedley
3345,Reed
3346,King
3347,Stevenson
3348,Steed
3349,Dunson
3350,Brinson
3351,McCloud
3352,Clarke
3353,Frierson
3354,Scaife
3355,Williams
3356,Carter
3357,Blades
3358,Williams
3359,Austin
3360,Smith
3361,Harley
3362,Redding
3363,Franklin
3364,Brantley
3365,Van Dyke
3366,Williams
3367,Oluwaseun
3368,Balom
3369,Couch
3370,Seymore
3371,Kinchens
3372,Hodges
3373,Arroyo
3374,Ivey
3375,Smith
3376,Traore
3377,Ford
3378,Harris
3379,Williams
3380,Brown
3381,Williams
3382,Hilton
3383,Kahn
3384,Tracy
3385,Woullard
3386,Butler
3387,Saunders
3388,Nank
3389,Ware
3390,Kimpson
3391,Jackson
3392,Booker
3393,Snell
3394,Redding
3395,Dorsey
3396,Boswell
3397,Miller
3398,Walker
3399,Orput
3400,Homer
3401,Phelps
3402,Rogers
3403,Washington
3404,Maize
3405,Caldwell
3406,Singleton
3407,Mayer
3408,Burns
3409,Salopek
3410,Bolden
3411,Holskey
3412,Pace
3413,Mozee
3414,Rush
3415,Kimpler
3416,Dzioban
3417,Carper
3418,Vaughan
3419,Ertl
3420,Brown
3421,Smith
3422,Warren
3423,Shaffer
3424,Todd
3425,Tubbs
3426,Shelton
3427,Sorenson
3428,Hondru
3429,Muersch
3430,Davis
3431,Bester
3432,Gabbert
3433,Borders
3434,Coldiron
3435,Rucker
3436,Feth
3437,Siech
3438,Robinson
3439,Eboue
3440,Bryant
3441,McWood
3442,Newton
3443,Collier
3444,Nardone
3445,Smith
3446,Clark
3447,Robinson
3448,Sanchez
3449,Nicholson
3450,Filiaga
3451,Crippen
3452,Smith
3453,Henning
3454,Hibner
3455,McCarthy
3456,Barnhart
3457,Green
3458,Whittley
3459,Johnson
3460,Benny
3461,El-Hadi
3462,Welschof
3463,Zinter
3464,Upshaw
3465,Solomon
3466,Iwunnah
3467,Perry
3468,Moody
3469,Corum
3470,Colson
3471,Morant
3472,Robbins
3473,McNamara
3474,Haskins
3475,Rooks
3476,Honigford
3477,Warren
3478,Edwards
3479,Villari
3480,Johnson
3481,Seldon
3482,Speight
3483,Morris
3484,Harrell
3485,Hawkins
3486,Johnson
3487,Baldwin
3488,Jeter
3489,Mullings
3490,Dixon
3491,Moore
3492,Schooner
3493,Kolesar
3494,McGregor
3495,Gray
3496,Ross
3497,All
3498,Wilson
3499,Moten
3500,Paige
3501,Anthony
3502,Hill
3503,Turner
3504,Bell
3505,Ojabo
3506,Hayes
3507,Dunlap
3508,Stueber
3509,Jones
3510,Vastardis
3511,Hutchinson
3512,Hill
3513,Keegan
3514,Sainristil
3515,Hinton
3516,Jenkins
3517,Barrett
3518,Atteberry
3519,Lockett
3520,Panasiuk
3521,Henderson
3522,Kirk
3523,Ohonba
3524,Baringer
3525,Snow
3526,Flowers
3527,Haladay
3528,Mallory
3529,Heyward
3530,Kimbrough
3531,Brooks
3532,Samac
3533,Hallock
3534,VanDeVaal
3535,Grose
3536,Barrow
3537,Nailor
3538,Collins
3539,Williams
3540,Beesley
3541,Crump
3542,Hansen
3543,Camper
3544,Simmons
3545,Carrick
3546,Allen
3547,Fletcher
3548,Duplain
3549,Brantley
3550,Fay
3551,Wright
3552,Gaoteote
3553,Briles
3554,Hunt
3555,Harvey
3556,Pietrowski
3557,Gillison
3558,Russo
3559,Coghlin
3560,Brown
3561,Bueter
3562,Campbell
3563,Gissinger
3564,Arcuri
3565,Allen
3566,Jarvis
3567,Jordan
3568,Coleman
3569,Crouch
3570,Brown
3571,Foster
3572,Dowell
3573,Kim
3574,Mosley
3575,White
3576,Horst
3577,Slade
3578,Carr
3579,Walker
3580,Stewart
3581,Patrick
3582,Lowery
3583,Hunt
3584,DeMarzo
3585,Joiner
3586,Thorne
3587,Reed
3588,Palmer
3589,Fluellen
3590,Jackson
3591,Rasul
3592,Ross
3593,Stanley
3594,Davis
3595,Magwood
3596,Dinkins
3597,Blakely
3598,Ali
3599,Stanley
3600,Thomas
3601,Riley
3602,DiLiello
3603,Smith
3604,Wilkins
3605,Pettaway
3606,Johnson
3607,Grate
3608,Wood
3609,Ryles
3610,Ulbrich
3611,Mency
3612,Kelly
3613,Cook
3614,Shellman
3615,Francis
3616,Thompson
3617,Williams
3618,Patterson
3619,Mobley
3620,Wyatt
3621,Parks
3622,Pierce
3623,Butler
3624,Lane
3625,Falvey
3626,Losoya
3627,Gathings
3628,Robinson
3629,Tinsley
3630,Curtis
3631,Hinton
3632,Rankin
3633,Metcalf
3634,Martin
3635,Starling
3636,Hartley
3637,Gilchrist
3638,Peasant
3639,Williams
3640,Edwards
3641,Vattiato
3642,Greer
3643,Sherman
3644,Windham
3645,Graham
3646,Branch
3647,Davis
3648,Marshall
3649,Fuller
3650,Anderson
3651,Bivens
3652,Ferguson
3653,Cunningham
3654,Green
3655,Kinley
3656,Lafrance
3657,Nubin
3658,Schmitz
3659,Dixon
3660,Anderson
3661,Swenson
3662,Jackson
3663,Richter
3664,Ersery
3665,Mafe
3666,Kim
3667,Fleming
3668,Harris
3669,Kieft
3670,Boe
3671,Durr
3672,Walley
3673,Rush
3674,Wright
3675,Pinckney
3676,Emilien
3677,Lindenberg
3678,Guedet
3679,Green
3680,Shaw
3681,Trickett
3682,Boyd
3683,Smith
3684,Carter
3685,Andries
3686,Oliver
3687,Kramer
3688,Schlueter
3689,Crawford
3690,Morgan
3691,Wong
3692,Ortiz
3693,Pless
3694,Marin
3695,Williams
3696,Howden
3697,Lewis
3698,Schuster
3699,Faalele
3700,Willis
3701,Gibbens
3702,Keys
3703,Brown
3704,Otomewo
3705,Olson
3706,Burns
3707,Spann
3708,Irving
3709,Glaze
3710,Ruschmeyer
3711,Autman
3712,Howard
3713,Brockers
3714,Treadway
3715,Thomas
3716,Gordon
3717,Striggow
3718,Tafui
3719,Kallerup
3720,Henderson
3721,Walker
3722,Potts
3723,Martin
3724,Cheney
3725,Cooper
3726,Jackson
3727,Reese
3728,Jones
3729,Guidry
3730,Ford
3731,Jimison
3732,Lovertich
3733,Cass
3734,Abraham
3735,Tuiaposopo
3736,Odom
3737,Polk
3738,Johnson
3739,Pickering
3740,Johnson
3741,Reed
3742,Smith
3743,Furdge
3744,Heath
3745,Young
3746,Green
3747,Duncan
3748,Harvey
3749,Purvis
3750,Morgan
3751,Lashley
3752,Jones
3753,Watson
3754,Wheat
3755,Russell
3756,Page
3757,Ducking
3758,Jernighan
3759,Timbs
3760,Cooper
3761,Preston
3762,Banks
3763,Griffin
3764,Robertson
3765,McMillian
3766,Richardson
3767,Buys
3768,Crumedy
3769,Ellington
3770,Calvin
3771,Thomas
3772,Day
3773,Johnson
3774,Williams
3775,Brule
3776,Dean
3777,Charlton
3778,Cooley
3779,Suggs
3780,Sharp
3781,Davis
3782,Walley
3783,Cross
3784,Harris
3785,Marks
3786,Peters
3787,Lawrence
3788,Torbor
3789,Emerson
3790,Williams
3791,Ruiz
3792,Lewis
3793,Forbes
3794,Rogers
3795,Robinson
3796,Walker
3797,Williams
3798,George
3799,Evans
3800,Turner
3801,Green
3802,Shearin
3803,Macon
3804,Bazelak
3805,Wingo
3806,Cook
3807,Wilson
3808,Rakestraw
3809,Burdine
3810,Banister
3811,Robledo
3812,Butts
3813,Nicholson
3814,Downing
3815,Montgomery
3816,Robinson
3817,Lovett
3818,Lawrence
3819,Ndoma
3820,White
3821,Powell
3822,Bakare
3823,Parker
3824,Badie
3825,Delgado
3826,Chism
3827,Byers
3828,Dove
3829,Lovett
3830,Sistrunk
3831,Bailey
3832,Brown
3833,Wilson
3834,Mevis
3835,Cox
3836,Jeffcoat
3837,McGuire
3838,Walker
3839,Heismeyer
3840,Tollison
3841,Griffin
3842,Maietti
3843,Hibbler
3844,Alldredge
3845,Carnell
3846,York
3847,Abrams
3848,Whiteside
3849,Hansford
3850,Young
3851,Hea
3852,Cooper
3853,Foster
3854,Hester
3855,Carlies
3856,Luper
3857,Cook
3858,Manuel
3859,McKinniss
3860,Ford
3861,Swinson
3862,Wood
3863,Smith
3864,Banbury
3865,Rowan
3866,Greer
3867,Warren
3868,Robinson
3869,Brennan
3870,Hassan
3871,Williams
3872,Berniard
3873,Saipaia
3874,West
3875,Nichols
3876,Fagot
3877,Busic
3878,Ruoss
3879,Shiraki
3880,Lane
3881,Bradley
3882,Sandlin
3883,Harris
3884,O'Connor
3885,Adams
3886,Umbarger
3887,Taylor
3888,Jones
3889,Davies
3890,Cromwell
3891,Hodges
3892,Crawford
3893,Straw
3894,Romo
3895,Kelly
3896,Glover
3897,Meagher
3898,Cossavella
3899,Brand
3900,Williams
3901,Goslin
3902,Warren
3903,Johns
3904,Robinson
3905,Mauai
3906,McMorris
3907,Collins V
3908,Fiatoa
3909,Marshall
3910,Pena
3911,Masaniai
3912,Buckner
3913,Meeuwsen
3914,Frankland
3915,Gleaton
3916,McDonald
3917,Arline
3918,Texeira
3919,Bernacchi
3920,Murtezi
3921,Walker
3922,Atwaters
3923,Grace
3924,Acie
3925,Smith
3926,Lavatai
3927,Kuhlman
3928,Glenn
3929,Maynor
3930,Coleman
3931,Cooper
3932,Harbour
3933,Buford
3934,Reimer
3935,Nixon
3936,Domann
3937,Lynum
3938,Johnson
3939,Franke
3940,Prochazka
3941,Hickman
3942,Sichterman
3943,Przystup
3944,Nelson
3945,Pieters
3946,Miller
3947,Dismuke
3948,Martinez
3949,Robinson
3950,Nouili
3951,Buckley
3952,Brown
3953,Daniels
3954,Rogers
3955,Hutmacher
3956,Clark
3957,Fidone
3958,Stille
3959,Honas
3960,Williams
3961,Manning
3962,Martin
3963,Haarberg
3964,Thomas
3965,Banks
3966,Jackson
3967,Ervin
3968,Liewer
3969,Britt
3970,Snodgrass
3971,Kolarevic
3972,Vokolek
3973,Lynn
3974,Henrich
3975,Bando
3976,Payne
3977,Benhart
3978,Hardy
3979,Allen
3980,Jurgens
3981,Corcoran
3982,Hixson
3983,Butler
3984,Lutovsky
3985,Gifford
3986,Falck
3987,Piper
3988,Toure
3989,Culp
3990,Smothers
3991,Riley
3992,Belt
3993,Carnie
3994,Pola
3995,Tannor
3996,Yant
3997,Newsome
3998,Johnson
3999,Farmer
4000,Gunnerson
4001,Betts
4002,Strong
4003,Cox
4004,Morrow
4005,Taua
4006,Johnson
4007,Lee
4008,Lockhart
4009,Bell
4010,Cooks
4011,Doubs
4012,Birdsell
4013,Stovall
4014,Horton
4015,Turner
4016,Ballard
4017,Brown
4018,Roberson
4019,Barlage
4020,Starck
4021,Eldridge
4022,Ledbetter
4023,Gardner
4024,Davis
4025,Orsini
4026,Hamilton
4027,Madrigal
4028,Landis
4029,Nunez
4030,Frost
4031,Cannon
4032,Poso
4033,Powers
4034,Nichols
4035,Peterson
4036,Hammond
4037,Toomer
4038,Grzesiak
4039,Johnson
4040,Tuioti
4041,Mahannah
4042,Swint
4043,Love
4044,Touray
4045,Bradley
4046,Blackwell
4047,Mateialona
4048,Hall
4049,Price
4050,Togiola
4051,Garcia
4052,Brown
4053,Gunter
4054,Sanders
4055,Dedman
4056,Robins
4057,Henley
4058,Essissma
4059,King
4060,Godley
4061,Johnson
4062,Lewis
4063,Claiborne
4064,Lee
4065,Kommer
4066,Carrington
4067,Williams
4068,Talton
4069,Diaz
4070,Millen
4071,Jang
4072,Murray
4073,Scruggs
4074,Bertram
4075,Marenco
4076,Peek
4077,Hightower
4078,Combs
4079,Darame
4080,Odums
4081,Hannah
4082,Hunter
4083,Hunt
4084,Wooden
4085,Dumas
4086,Stapley
4087,Mateo
4088,Lanier
4089,Gay
4090,Barney
4091,Wilson
4092,Hall
4093,Cook
4094,Noble
4095,Santana
4096,Sillemon
4097,Phillips
4098,Gutierrez
4099,Sanders
4100,Bruckler
4101,Matautia
4102,Wilson
4103,Brown
4104,Asenuga
4105,Buford
4106,Moon
4107,Davis
4108,Drake
4109,Greene
4110,Montes
4111,Martin
4112,Witthoft
4113,Shelley
4114,Alexander
4115,Harris
4116,Cole
4117,Lowery
4118,Baca
4119,Woisin
4120,Queen
4121,Bartley
4122,Collier
4123,Potts
4124,Leutele
4125,Bertram
4126,Reed
4127,Jarvis
4128,Briggs
4129,Taylor
4130,Wysong
4131,Guidry
4132,Wilson
4133,Erickson
4134,Genal
4135,Marra
4136,Bailey
4137,Rodriguez
4138,Boone
4139,Riley
4140,Kelly
4141,Lindsay
4142,Rhone
4143,Bush
4144,Olufemi
4145,Owusu
4146,Lyles
4147,McSweeney
4148,Brown
4149,Ryan
4150,Johnson
4151,Cooper
4152,Bennett
4153,Wagner
4154,Makonzo
4155,Pinckney
4156,Douglas
4157,Morris
4158,Fofana
4159,White
4160,Gunter
4161,Roberts
4162,Roberts
4163,Strong
4164,Spillum
4165,Tucker
4166,Stewart
4167,Matts
4168,Lampkin
4169,Carpenter
4170,Gladney
4171,Wooden
4172,Geiger
4173,Moise
4174,Balthazar
4175,Cash
4176,Loper
4177,Wilson
4178,Ouverson
4179,Miller
4180,Bedosky
4181,Mobley
4182,Clark
4183,McCall
4184,Brewer
4185,Latushko
4186,Fletcher
4187,Ivy
4188,Connelly
4189,Likely
4190,Bedgood
4191,Gallagher
4192,Harrell
4193,Killen
4194,Brown
4195,Bambrick
4196,Stokes
4197,Taylor
4198,Porter
4199,McDonald
4200,Sudipo
4201,Heiligh
4202,Thompson
4203,Arnold
4204,Morrow
4205,Jones
4206,Biscardi
4207,Stewart
4208,Carter
4209,Nash
4210,Downs
4211,Jones
4212,Grimes
4213,Baker
4214,Collins
4215,Stephens
4216,Green
4217,Fox
4218,Hopper
4219,Evans
4220,Fox
4221,Boykins
4222,Atkins
4223,Hollins
4224,Duck
4225,Chandler
4226,Gosnell
4227,Paysour
4228,Kelly
4229,Chapman
4230,Vohasek
4231,Green
4232,Tucker
4233,Echols
4234,Blackwell
4235,Taylor
4236,McKethan
4237,Bingley
4238,Gemmel
4239,Asante
4240,Karr
4241,Conley
4242,McMichael
4243,Kiernan
4244,Sinclair
4245,Jones
4246,Rucker
4247,Tunall
4248,Howell
4249,Sutton
4250,Gray
4251,Richards
4252,Kim
4253,Dillworth
4254,Olson
4255,Silver
4256,Morrison
4257,Anderson
4258,Criswell
4259,Biggers
4260,Corrales
4261,Hester
4262,Copenhaver
4263,Nesbit
4264,Murphy
4265,Adorno
4266,Edmonds
4267,Walston
4268,Maye
4269,Montilus
4270,Johnson
4271,Ezeudu
4272,Barnes
4273,Morales
4274,Hood
4275,Balfour
4276,Egbuna
4277,Ritzie
4278,Rooks
4279,Eason
4280,Battle
4281,McLaughlin
4282,Durden
4283,Harris
4284,Thomas
4285,Pitts Jr
4286,Jackson
4287,Ingram
4288,McKay
4289,Cooper
4290,Parker
4291,Baker
4292,Smith
4293,Finley
4294,Gray
4295,Riley
4296,Lesane
4297,Pennix
4298,McMahon
4299,Belton
4300,Jones
4301,Martin
4302,Toudle
4303,Wilson
4304,Leary
4305,Gill
4306,Meredith
4307,Gibson
4308,Clark
4309,Knight
4310,Fagan
4311,Ingle
4312,Carter
4313,Fordham
4314,Scott
4315,Betty
4316,Walker
4317,Blakeman
4318,Zavala
4319,Harris
4320,Hill
4321,Speas
4322,Ashford
4323,Jayne
4324,Provillon
4325,Pierre
4326,Emezie
4327,Carter
4328,Thomas
4329,Smith
4330,Moore
4331,Person
4332,Poole
4333,Riley
4334,Parham
4335,Powell
4336,Kante
4337,Ekwonu
4338,Joseph
4339,Dawkins
4340,Lane
4341,Dunn
4342,Boykin
4343,White
4344,Vann
4345,Matan
4346,Houston
4347,Williams
4348,Texada
4349,Ward
4350,Lee
4351,Murphy
4352,Brown
4353,Leota
4354,Howell
4355,Jackson
4356,Cassidy
4357,Mooney
4358,LeBlanc
4359,Jackson
4360,Brown
4361,Lyles
4362,Pirtle
4363,Wright
4364,Faulkner
4365,Ruder
4366,Whitlock
4367,McMillan
4368,Gumms
4369,Brown
4370,Duncan
4371,Bush
4372,Gaddie
4373,Brown
4374,Adaway
4375,Burns
4376,Wood
4377,Carroll
4378,Rucker
4379,McCrae
4380,West
4381,Adeyi
4382,Alberding
4383,Brammer
4384,Colvin
4385,Johnson
4386,Johnson
4387,Blair
4388,Davis
4389,Torrey
4390,Martin
4391,Turpin
4392,Johnson
4393,Mose
4394,Sanders
4395,Bautista
4396,Rodriguez
4397,Roberts
4398,Hill
4399,Kropp
4400,Hutchings
4401,Moreka
4402,Thompson
4403,Aune
4404,Murphy
4405,Ragsdale
4406,Johnson
4407,McCrary
4408,Williams
4409,Nixon
4410,Davis
4411,Jackson
4412,Gallo
4413,Shorter
4414,Novil
4415,Davis
4416,Lee
4417,Behl
4418,Sutherland
4419,Johnson
4420,Bloomfield
4421,Holmes
4422,Jones
4423,Henry
4424,Riley
4425,Ledet
4426,Rogers
4427,Webster
4428,Lodes
4429,Hirsch
4430,Newton
4431,Phillips
4432,Jackson
4433,Wright
4434,Rodriguez
4435,Black
4436,Hickman
4437,Frett
4438,Davis
4439,Luke
4440,Thomas
4441,Haigler
4442,Fisher
4443,Williams
4444,Gardner
4445,Nettles
4446,Cole
4447,Tyler
4448,Williams
4449,Wiley
4450,Knight
4451,Cutler
4452,Woodard
4453,Shelby
4454,Lewis
4455,Thomas
4456,Derrick
4457,Hawley
4458,Roberts
4459,Robert
4460,McCormick
4461,Swinney
4462,Dunn
4463,Lloyd
4464,Jackson
4465,Norman
4466,Godsey
4467,Odom
4468,Campbell
4469,Glass
4470,Ellis
4471,Sparks
4472,Cavil
4473,Rasmussen
4474,Suits
4475,Mathis
4476,Williams
4477,Sparks
4478,Parsons
4479,Mason
4480,Calligan
4481,Drake
4482,Wilkins
4483,Johnson
4484,Breaux
4485,Tucker
4486,Asuquo
4487,Miles
4488,Earl
4489,Hampton
4490,Rayner
4491,Jackson
4492,Oppong
4493,Byrd
4494,Dolphin
4495,Gandy
4496,Rudolph
4497,Agyapong
4498,Ducker
4499,Kosin
4500,Deveaux
4501,McGee
4502,O'Malley
4503,Brown
4504,Thomas
4505,Rattin
4506,Buss
4507,Harvey
4508,Zschernitz
4509,Patton
4510,Ester
4511,Joiner
4512,Fletcher
4513,Urwiler
4514,Soraghan
4515,Vacula
4516,Griffin
4517,Lippe
4518,Collins
4519,Potter
4520,Toure
4521,Haberman
4522,Nelson
4523,Hansen
4524,MacKinnon
4525,Champe
4526,Richie
4527,Travis
4528,Taylor
4529,Yost
4530,McCray
4531,Waylee
4532,Thomas
4533,Novotny
4534,Rogers
4535,Dozier
4536,Cox
4537,Kennedy
4538,Richardson
4539,Ratkovich
4540,Tewes
4541,Lafayette
4542,Williams
4543,Ference
4544,Davis
4545,Prophete
4546,Brown
4547,Shinhoster
4548,Nygra
4549,Lombardi
4550,McGarrell
4551,Bostad
4552,Hugunin
4553,Engstrand
4554,Rivers
4555,Lang
4556,Pugh
4557,Jones
4558,Johnson
4559,Bergin
4560,Gallagher
4561,Schmidt
4562,Gray
4563,Clair
4564,O'Rourke
4565,Butler
4566,Mitchell
4567,Niro
4568,Wiederkehr
4569,Wrather
4570,Hull
4571,Jackson
4572,Joseph
4573,Heard
4574,Genyk
4575,Gold
4576,McLaughlin
4577,Kuhbander
4578,Coleman
4579,McIntyre
4580,Miller
4581,Meiser
4582,Wallace
4583,Kent
4584,Porter
4585,Azema
4586,Hollis
4587,Foster
4588,He'Bert
4589,Tiernan
4590,Pooler
4591,Skoronski
4592,Hilinski
4593,Priebe
4594,Hubbard
4595,Uihlein
4596,Adebawore
4597,D'Antonio
4598,Marty
4599,Kirtz
4600,Mueller
4601,Washington
4602,Rowley
4603,Albright
4604,Finison
4605,Tyus
4606,Hampton
4607,Gill
4608,Spivak
4609,Joseph
4610,Gordon
4611,Price
4612,Mosley
4613,Story
4614,Mangieri
4615,Adams
4616,Johnson
4617,Thompson
4618,Gerak
4619,Edwards
4620,Adeyi
4621,Sullivan
4622,Robinson
4623,Lenzy
4624,Williams
4625,Cross
4626,Hart
4627,Coan
4628,Mills
4629,Kiser
4630,Dirksen
4631,Riley
4632,Diggs
4633,Wilkins
4634,Bryan
4635,Mayer
4636,Baker
4637,Wallace
4638,Henderson
4639,Hinish
4640,Colzie
4641,Pryor
4642,Johnson
4643,Walters
4644,Berrong
4645,Carroll
4646,Lugg
4647,Ademilola
4648,Kollie
4649,Fisher
4650,Bertrand
4651,Foskey
4652,Lewis
4653,Patterson
4654,Styles
4655,Kristofic
4656,Bauer
4657,Gee
4658,Liufau
4659,Coogan
4660,Pyne
4661,Botelho
4662,Bramblett
4663,Correll
4664,Osafo
4665,Alt
4666,Tyree
4667,Kia
4668,Bergstrom
4669,Onye
4670,Ademilola
4671,Hamilton
4672,Rubio
4673,Amosa
4674,Barnes
4675,Spindler
4676,Lacey
4677,Madden
4678,Thomas
4679,Buchner
4680,Griffith
4681,Evans
4682,Watts
4683,Keanaaina
4684,Brown
4685,Bracy
4686,Doerer
4687,Takacs
4688,White
4689,Austin
4690,Estime
4691,Davis
4692,Amburgey
4693,Ramer
4694,Ballentine
4695,Kemeni
4696,Drake
4697,Drummond
4698,Burton
4699,Wilson
4700,Birchette
4701,Danneker
4702,Hudson
4703,Burks
4704,Evans
4705,Walton
4706,Gregory
4707,Blauser
4708,Thompson
4709,Rogers
4710,Allison
4711,Elad
4712,Johnson
4713,Tuggle
4714,Luehrman
4715,Mayfield
4716,Rodgers
4717,Wood
4718,Hoover
4719,Stai
4720,Rourke
4721,Watkins
4722,Dorsey
4723,Habinowski
4724,Daxon
4725,Titsworth
4726,Wolff
4727,Harris
4728,McNair
4729,Malenchek
4730,Sink
4731,Stevens
4732,Jackson
4733,McCrory
4734,Luehrman
4735,Houston
4736,Bangura
4737,Wilburn
4738,Rhone
4739,Parodie
4740,Odom
4741,Cox
4742,Bostic
4743,Atkinson
4744,Rhodes
4745,Foster
4746,Taylor
4747,Floyd
4748,Burton
4749,Kelly
4750,Johnson
4751,Dugan
4752,Mathews
4753,Cox
4754,McCracken
4755,Cross
4756,Neatherton
4757,Ross
4758,Hampton
4759,Caeser
4760,Collier
4761,Potter
4762,Christman
4763,Cavazos
4764,Stroud
4765,Ransom
4766,Melton
4767,Jackson
4768,McCall
4769,Williams
4770,Sawyer
4771,Brown
4772,Kacherski
4773,Mitchell
4774,Williams
4775,Ruggles
4776,Henderson
4777,Miller
4778,Egbuka
4779,Fryar
4780,Petit
4781,Burke
4782,Cowan
4783,Pryor
4784,Hamilton
4785,Johnson
4786,Jones
4787,Munford
4788,Garrett
4789,Miller
4790,Njigba
4791,Carrico
4792,McCord
4793,Cage
4794,Harrison
4795,Ewers
4796,Vincent
4797,Eichenberg
4798,Vimahi
4799,Ruckert
4800,Jean
4801,Mirco
4802,Dunn
4803,Young
4804,Williamson
4805,Stover
4806,Olave
4807,Scott
4808,Watts
4809,Wilson
4810,Williams
4811,Fleming
4812,Shaw
4813,Tuimoloau
4814,Hancock
4815,Martinez
4816,Jackson
4817,Crowley
4818,Proctor
4819,Wypler
4820,Harrison
4821,Teague
4822,Ballard
4823,Banks
4824,Hickman
4825,Smith
4826,Johnson
4827,Chambers
4828,Jones
4829,Simon
4830,Raym
4831,Graham
4832,Hayes
4833,Morris
4834,Walker
4835,Dennis
4836,Farooq
4837,Willis
4838,Redmond
4839,Anderson
4840,Coe
4841,Smith
4842,Stokes
4843,Mims
4844,Parks
4845,Lawrence
4846,Criddell
4847,Major
4848,McCutchin
4849,Stoops
4850,Haselwood
4851,Stripling
4852,Stogner
4853,Morris
4854,Washington
4855,Whitter
4856,Swenson
4857,Thomas
4858,Grimes
4859,Congel
4860,Eaton
4861,Brkic
4862,Ellison
4863,Hall
4864,Walker
4865,Harrison
4866,Rucker
4867,Broiles
4868,Gilliam
4869,Mead
4870,Ugwoegbu
4871,Hudson
4872,Williams
4873,Kelly
4874,Byrd
4875,Wease
4876,Jackson
4877,Stutsman
4878,Downs
4879,Winfrey
4880,Bowman
4881,Washington
4882,Davis
4883,Murray
4884,Woods
4885,Fields
4886,Williams
4887,Mukes
4888,Brooks
4889,Rattler
4890,Turk
4891,Roberson
4892,Bonitto
4893,White
4894,Robinson
4895,Asamoah
4896,Felix
4897,Gray
4898,Turner
4899,Nobles
4900,Jernigan
4901,Sills
4902,Williams
4903,Kelley
4904,Jackson
4905,Converse
4906,Lacy
4907,Miterko
4908,Irby
4909,Birmingham
4910,McCalister
4911,Bullock
4912,Black
4913,Holmes
4914,Martin
4915,Anderson
4916,Ford
4917,Harper
4918,Warren
4919,Godlevske
4920,Harper
4921,Hale
4922,Reagan
4923,Green
4924,Stewart
4925,Owens
4926,Michalski
4927,Tuimataka
4928,Jarrard
4929,Cobb
4930,Bray
4931,Islington
4932,Taylor
4933,Latu
4934,Carter
4935,Anthony
4936,Martin
4937,Antwine
4938,Woo
4939,Williams
4940,Evers
4941,Bishop
4942,Farrar
4943,Dizadare
4944,Woodard
4945,Etienne
4946,Fields
4947,Sterling
4948,Brown
4949,Presley
4950,Rodriguez
4951,Cassity
4952,Richardson
4953,Rawls
4954,Hutton
4955,Johnson
4956,Green
4957,Sanders
4958,Asi
4959,Muhammad
4960,Oliver
4961,Harvell
4962,Flanagan
4963,Richardson
4964,Daniels
4965,Wilson
4966,Martin
4967,Russ
4968,Reese
4969,Bullock
4970,Dent
4971,Hawkins
4972,Brown
4973,Richardson
4974,Finley
4975,Lucas
4976,Iton
4977,Conner
4978,Pearson
4979,Woullard
4980,Wolfe
4981,Plumlee
4982,Brown
4983,Brown
4984,Jones
4985,Keys
4986,Knight
4987,McIntyre
4988,Umana
4989,Braun
4990,Cistrunk
4991,James
4992,Johnson
4993,Prince
4994,Johnson
4995,Jackson
4996,Mack
4997,Brown
4998,Colquitt
4999,Sanogo
5000,Sanders
5001,Robinson
5002,Acker
5003,Hall
5004,Mingo
5005,Henry
5006,Knox
5007,Malone
5008,Williams
5009,Springer
5010,Drummond
5011,Washington
5012,Rogers
5013,Corral
5014,Jackson
5015,Leonard
5016,Melton
5017,Smith
5018,Battle
5019,Campbell
5020,Warren
5021,Costa
5022,Tisdale
5023,Robinson
5024,Broeker
5025,Ramsey
5026,Kelly
5027,Parrish
5028,Britt
5029,Bivens
5030,Baker
5031,Hill
5032,Thomas
5033,Davis
5034,Gordon
5035,Ealy
5036,Clowney
5037,Jones
5038,Dickerson
5039,Williams
5040,Bridges
5041,Happle
5042,Williams
5043,Snee
5044,Addison
5045,Johnson
5046,Ware
5047,Pittman
5048,Forsyth
5049,Bass
5050,Sewell
5051,Jeffers
5052,Williams
5053,Funa
5054,Johnson
5055,Verdell
5056,Brown
5057,Wright
5058,Matavao
5059,Davies
5060,Bassa
5061,Stephens
5062,Dorlus
5063,Lewis
5064,McKinley
5065,Thornton
5066,Manning
5067,Mathis
5068,Tilmon
5069,Cardwell
5070,Powers
5071,Jaramillo
5072,Aumavae
5073,Williams
5074,Swinson
5075,Walk
5076,Poti
5077,Moore
5078,Dye
5079,Ma'ae
5080,Pickard
5081,McCormick
5082,Rossi
5083,Redd
5084,Crocker
5085,Benson
5086,Brown
5087,Ramsay
5088,Hutson
5089,McNeill
5090,Franklin
5091,James
5092,Jones
5093,Harper
5094,Webb
5095,McGee
5096,Laulu
5097,Ferguson
5098,Hill
5099,Laloulu
5100,Flowe
5101,Shipley
5102,Thibodeaux
5103,Jackson
5104,Heaukulani
5105,Thompson
5106,Rawls
5107,Baylor
5108,Sorensen
5109,Keobounnam
5110,Loecher
5111,Brownholtz
5112,Eldridge
5113,Irish
5114,Miller
5115,Gebbia
5116,Brewer
5117,Speights
5118,Bolden
5119,Lowe
5120,Saluni
5121,Tongue
5122,Morano
5123,Fuaga
5124,Massey
5125,Mascarenas
5126,Fenwick
5127,Lolohea
5128,Sandberg
5129,Austin
5130,Gray
5131,Russell
5132,Reichner
5133,Thomas
5134,Beason
5135,Stover
5136,Musgrave
5137,Fa'amoe
5138,Hardge
5139,Collins
5140,Overman
5141,Sharp
5142,Flemings
5143,Fisher
5144,Schad
5145,Quitoriano
5146,Wright
5147,Newell
5148,Lindsey
5149,Franke
5150,Gumbs
5151,Noyer
5152,Spencer
5153,Colletto
5154,Arnold
5155,Oladapo
5156,Skelton
5157,Kipper
5158,Gould
5159,Miller
5160,Shippen
5161,Hodgins
5162,Harrison
5163,Nolan
5164,Levens
5165,Hayes
5166,Julian
5167,Grant
5168,McCartan
5169,Jones
5170,Roberts
5171,Murray
5172,Bradford
5173,Sio
5174,Anderson
5175,Fashanu
5176,Scruggs
5177,Ford
5178,Effner
5179,Washington
5180,Lytton
5181,Wilson
5182,Townley
5183,Buddin
5184,Ellis
5185,Ellies
5186,Brevard
5187,Weller
5188,Lee
5189,Brisker
5190,Clifford
5191,Dotson
5192,Hansard
5193,Fisher
5194,Mustipher
5195,Lambert
5196,George
5197,Katshir
5198,Rudolph
5199,Dixon
5200,Vilbert
5201,Wallace
5202,Walker
5203,Chismar
5204,Luketa
5205,Jacobs
5206,Beamon
5207,Holmes
5208,Tarburton
5209,Tangelo
5210,Castro
5211,Mcgraw
5212,Wormley
5213,Wilson
5214,Tengwall
5215,Wheatley
5216,Ebiketie
5217,Elsdon
5218,Reed
5219,Brown
5220,Christ
5221,Stout
5222,Sutherland
5223,Warren
5224,Strange
5225,Pinegar
5226,Dottin
5227,Clifford
5228,King
5229,Rainier
5230,Dinkins
5231,Miranda
5232,Cain
5233,Brooks
5234,Smith
5235,Roberson
5236,Jennings
5237,Porter
5238,Isaac
5239,Lovett
5240,Whigan
5241,Holmes
5242,Johnson
5243,Veilleux
5244,Camp
5245,Royal
5246,Dennis
5247,Stovall
5248,Williams
5249,Scarton
5250,Kancey
5251,Campbell
5252,Zubovic
5253,Roberts
5254,Alexandre
5255,Krull
5256,Mack
5257,Kamara
5258,Hayes
5259,Bright
5260,Woods
5261,Baldonado
5262,Davis
5263,Ford
5264,Davis
5265,Warren
5266,Bartha
5267,Abanikanda
5268,Taylor
5269,Wilson
5270,Jacques
5271,Kradel
5272,Tallandier
5273,Pine
5274,Devonshire
5275,Beville
5276,Johnson
5277,Anderson
5278,Sellers
5279,Morgan
5280,Petrishen
5281,Pickett
5282,Brown
5283,Wright
5284,Danielson
5285,Yellen
5286,Patti
5287,Sibley
5288,Addison
5289,Donald
5290,Minor
5291,Papadakis
5292,DeShields
5293,Houy
5294,Moore
5295,Hill
5296,Tipton
5297,Battle
5298,Drexel
5299,Goncalves
5300,Smith
5301,Wayne
5302,Hammond
5303,George
5304,Barden
5305,Mathis
5306,Bentley
5307,Carter
5308,O'Brien
5309,Mack
5310,Davis
5311,Green
5312,Hallett
5313,Ansell
5314,Witt
5315,Hudgins
5316,Bycznski
5317,Grant
5318,Durham
5319,Kaltenberg
5320,Karlaftis
5321,Rice
5322,Wahlberg
5323,Douglas
5324,Lewis
5325,Cross
5326,Deen
5327,Alexander
5328,Saunders
5329,Craig
5330,Graham
5331,Ball
5332,Jenkins
5333,Austin
5334,Johnson
5335,Fineran
5336,Sheffield
5337,Brown
5338,Jefferson
5339,Trice
5340,Terrell
5341,Brandt
5342,Mitchell
5343,Miller
5344,Horvath
5345,Kreul
5346,Brothers
5347,Yaseen
5348,Richards
5349,Marks
5350,Anderson
5351,Garvin
5352,Anthrop
5353,Downing
5354,Beverly
5355,Freehill
5356,Mbow
5357,Alaimo
5358,Allen
5359,Bilodeau
5360,Vanter
5361,Wright
5362,Thompson
5363,Long
5364,Washington
5365,O'Connell
5366,Bell
5367,Monnot
5368,Plummer
5369,Karlaftis
5370,Burks
5371,Holstege
5372,Hartwig
5373,Kane
5374,Cox
5375,Mackey
5376,Calloway
5377,Sullivan
5378,Romphf
5379,Doerue
5380,Grigsby
5381,Miller
5382,Servin
5383,Riddle
5384,Bradley
5385,Woolford
5386,Devones
5387,Garcia
5388,Nyakwol
5389,Constance
5390,Fresch
5391,Carroll
5392,Lockhart
5393,Griffin
5394,Campbell
5395,McMahon
5396,Orji
5397,Mendes
5398,Schuman
5399,Otoviano
5400,Baker
5401,Chamberlin
5402,Hargrove
5403,Riccitelli
5404,Smith
5405,Green
5406,Mason
5407,Adams
5408,Floyd
5409,McCaffrey
5410,Taylor
5411,Klarkowski
5412,Montgomery
5413,Morrison
5414,Patterson
5415,Baker
5416,Rozner
5417,Banks
5418,Dunbar
5419,Page
5420,Anigbogu
5421,Peterson
5422,Sheriff
5423,Myers
5424,Calderon
5425,Latos
5426,French
5427,Pitre
5428,Montero
5429,Wagman
5430,Enechukwu
5431,Broussard
5432,Richardson
5433,Phillippi
5434,Johnson
5435,Ellis
5436,Suckley
5437,Garcia
5438,Nutter
5439,Johnson
5440,Pepe
5441,James
5442,Bird
5443,Bailey
5444,Bickham
5445,Bull
5446,White
5447,McCord
5448,Knipe
5449,Pearcy
5450,Ferraro
5451,Avery
5452,Brown
5453,Rene
5454,Banton
5455,Pierce
5456,Long
5457,Ahanotu
5458,Ambrosio
5459,Konga
5460,Paillant
5461,Wilshire
5462,Sutton
5463,Onyechi
5464,Kromah
5465,Young
5466,Dean
5467,Izien
5468,Toth
5469,Young
5470,Fogg
5471,Moore
5472,Conti
5473,Alaimo
5474,Singleton
5475,Jones
5476,Jennings
5477,Monangai
5478,Maijeh
5479,Tverdov
5480,Clark
5481,Rosso
5482,Haskins
5483,Wimsatt
5484,Vedral
5485,Fava
5486,Krimin
5487,Hamilton
5488,Zilinskas
5489,Snyder
5490,Turner
5491,O'Neal
5492,Melton
5493,Jones
5494,Sanders
5495,Loyal
5496,Needham
5497,Fatukasi
5498,Felter
5499,Igbinosun
5500,Bordner
5501,Rainey
5502,Lewis
5503,Stevens
5504,Powell
5505,Bailey
5506,Fatukasi
5507,Youngblood
5508,Angoy
5509,Pacheco
5510,Washington
5511,Carp
5512,Konopka
5513,Korsak
5514,Salaam
5515,Abraham
5516,Longerbeam
5517,Kruek
5518,Toure
5519,Melton
5520,Mayden
5521,Haskell
5522,Johnson
5523,Brookshire
5524,Bell
5525,Armstead
5526,Byrd
5527,Williams
5528,Bell
5529,Alves
5530,Gilliam
5531,Reyes
5532,White
5533,Smith
5534,Matthews
5535,Kothe
5536,Busbee
5537,Dedeaux
5538,Shavers
5539,Rudolph
5540,Bellinger
5541,Wesley
5542,Maseuli
5543,Jones
5544,Capra
5545,Martinez
5546,Thomas
5547,Trombley
5548,Uluave
5549,Dunkle
5550,McGee
5551,Bessent
5552,Simmons
5553,Wright
5554,Okpoko
5555,Taylor
5556,Sims
5557,Lecky
5558,Dickson
5559,Banks
5560,Tavai
5561,Neves
5562,Thomas
5563,Mirabella
5564,Lakalaka
5565,Fiaseu
5566,Herman
5567,McDonald
5568,Kaho
5569,Fountain
5570,Shawcroft
5571,Aleki
5572,Oliver
5573,Greene
5574,Branch
5575,Avinger
5576,Gonzales
5577,Barfield
5578,McMorris
5579,Brown
5580,Brown
5581,Hawkins
5582,Olubi
5583,Thompson
5584,Scott
5585,Williams
5586,Araiza
5587,Browning
5588,Davis
5589,Eget
5590,Nash
5591,Starkel
5592,Seau
5593,Loville
5594,Nevens
5595,Robinson
5596,Hamilton
5597,Simpson
5598,Lewis
5599,Miller
5600,Holiness
5601,Navarro
5602,Braddock
5603,Ross
5604,Olson
5605,Humphreys
5606,Mazotti
5607,Deese
5608,Snyder
5609,Peterson
5610,Weiss
5611,Ostrom
5612,Barrett
5613,Robbins
5614,Hoppe
5615,Stevens
5616,Pardue
5617,Breslin
5618,Brown
5619,Garrett
5620,Johnson
5621,Parham
5622,Fehoko
5623,Hall
5624,Sanders
5625,Ane
5626,Toia
5627,Grey
5628,Wright
5629,Gomez
5630,Hardy
5631,Manley
5632,Matau
5633,Leonard
5634,Johnson
5635,Tago
5636,Cobbs
5637,Parker
5638,Togia
5639,Harmon
5640,Darden
5641,Tolefree
5642,Webb
5643,Johnson
5644,Bostic
5645,Shelton
5646,Welch
5647,Reed
5648,White
5649,Kakiva
5650,Sidney
5651,Lenard
5652,Jenkins
5653,Johnson
5654,Nixon
5655,Mercurio
5656,Hart
5657,Woods
5658,Thomas
5659,Ike
5660,McMorris
5661,Daniels
5662,Denbow
5663,DeArman
5664,Clay
5665,Roberson
5666,Johnson
5667,Williams
5668,Coxe
5669,Perdue
5670,Robinson
5671,Cromartie
5672,Dawson
5673,Rogers
5674,Westfall
5675,Ndukwe
5676,Newman
5677,Lavine
5678,Bentley
5679,Chatman
5680,Mordecai
5681,Bryant
5682,Jones
5683,Goffney
5684,Hickman
5685,Levelston
5686,Aho
5687,Kerley
5688,Ervin
5689,M. Harris
5690,Calcaterra
5691,Samuels
5692,Wiggins
5693,Phillips
5694,Hailey
5695,Loveless
5696,Upshaw
5697,Mazza
5698,Stone
5699,Gray
5700,Smith
5701,Siggers
5702,Jones
5703,Wiley
5704,Howerton
5705,Morris
5706,Bryant
5707,Robinson
5708,Bailey
5709,Nwokobia
5710,McDaniel
5711,Massey
5712,Redding
5713,Paul
5714,Matui
5715,Roberson
5716,Burns
5717,Brown
5718,Rice
5719,Crossley
5720,Fraanje
5721,Eby
5722,McIntyre
5723,Green
5724,Ali
5725,Osborne
5726,Moore
5727,Ware
5728,Pickens
5729,White
5730,Foster
5731,Turnetine
5732,Webb
5733,Williams
5734,Dial
5735,Spaulding
5736,Greene
5737,Davis
5738,Strachan
5739,Bell
5740,Gwyn
5741,McDowell
5742,Dickerson
5743,Murphy
5744,Platel
5745,Wonnum
5746,Brooks
5747,Vann
5748,Mullins
5749,Ross
5750,Harris
5751,Sandidge
5752,Fitten
5753,Lee
5754,Burch
5755,Nichols
5756,Morgan
5757,Roderick
5758,Kroeger
5759,Brown
5760,Sterling
5761,Ellis
5762,Campbell
5763,Joyner
5764,Huntley
5765,Lloyd
5766,Rush
5767,Muse
5768,Caldwell
5769,Shaw
5770,Adkins
5771,Fortune
5772,Green
5773,Enagbare
5774,Staley
5775,Smith
5776,Johnson
5777,Hill
5778,Hemingway
5779,Wannamaker
5780,Brown
5781,Jenkins
5782,Doty
5783,Eason
5784,Kaba
5785,Douglas
5786,Amos
5787,Gauthier
5788,Manos
5789,Kenion
5790,White
5791,Moore
5792,Brown
5793,Powers
5794,Noland
5795,Legette
5796,Bozeman
5797,McLeod
5798,Doss
5799,Shorts
5800,Perry
5801,Mitchell
5802,Toles
5803,Cavallo
5804,Wright
5805,Pope
5806,Jones
5807,Webb
5808,Latham
5809,Willis
5810,Daniel
5811,McKinion
5812,Crawford
5813,Caston
5814,Mays
5815,Cole
5816,Gore
5817,Habas
5818,Brownlee
5819,Scott
5820,Baker
5821,Lange
5822,Baker
5823,Rutherford
5824,Maberry
5825,Booth
5826,Harrell
5827,Maples
5828,Scott
5829,Quewon
5830,Sykes
5831,Ward
5832,Thomas
5833,Pleas
5834,Carr
5835,Gunter
5836,Lowe
5837,Ratcliff
5838,Brown
5839,Franks
5840,Foxworth
5841,Hunt
5842,Richard
5843,Bourgeois
5844,Brooks
5845,Jones
5846,King
5847,Gainer
5848,Kitchen
5849,Ross
5850,Washington
5851,Barnes
5852,Cunningham
5853,Stanley
5854,Bolding
5855,Fletcher
5856,Keyes
5857,Bailey
5858,Dennis
5859,Moody
5860,Pittman
5861,Ladner
5862,Hayes
5863,Todd
5864,Newsome
5865,Stephens
5866,Hill
5867,Rogers
5868,Garner
5869,McCaskill
5870,Lewis
5871,Williams
5872,Trahan
5873,Wilson
5874,Junkunc
5875,Williams
5876,Manac
5877,Nelson
5878,Vallot
5879,Migl
5880,Amos
5881,Johnson
5882,Washington
5883,Hudson
5884,Thomas
5885,Bernard
5886,Wooldridge
5887,Wisham
5888,Mensah
5889,McDaniel
5890,Williams
5891,Johnson
5892,Narcisse
5893,Jackson
5894,Johnson
5895,Moncrief
5896,Fleming
5897,Marks
5898,Anderson
5899,Burton
5900,Riley
5901,Jefferson
5902,Guidry
5903,Wilkerson
5904,Pauley
5905,Fields
5906,Pederson
5907,Bishop
5908,Brown
5909,Garror
5910,Wiggins
5911,Williams
5912,Solomon
5913,Lambeer
5914,Gillie
5915,Carter
5916,Gardner
5917,Bailey
5918,Rollins
5919,Byrns
5920,Butler
5921,Snyder
5922,Humphrey
5923,Hutchinson
5924,Smith
5925,Lumpkin
5926,Harrington
5927,LeBlanc
5928,Torrence
5929,Peterson
5930,Lacy
5931,Bergeron
5932,Mitchell
5933,Jones
5934,Rogers
5935,Leigber
5936,Fox
5937,Bragg
5938,Phillips
5939,Bowman
5940,Yurosek
5941,Taylor
5942,Uke
5943,McKee
5944,Metcalf
5945,Armitage
5946,Miller
5947,Karty
5948,Fisk
5949,Slocum
5950,Porter
5951,Hinton
5952,McGill
5953,Jones
5954,Peat
5955,Bonner
5956,Sanders
5957,Symonds
5958,LaBounty
5959,Reid
5960,Logan
5961,Wilson
5962,McLaughlin
5963,Pogorelc
5964,Aybar
5965,Higgins
5966,Williamson
5967,Rouse
5968,Sinclair
5969,Jones
5970,Herron
5971,Booker
5972,Keck
5973,Wyrick
5974,Wade
5975,Smith
5976,Keneley
5977,Williams
5978,Nugent
5979,Kaufusi
5980,DiCosmo
5981,Hornibrook
5982,Manley
5983,Johnson
5984,Starr
5985,Dior
5986,Tremayne
5987,Kelly
5988,Dubre
5989,Fox
5990,Humphreys
5991,Archer
5992,Miezan
5993,Damuni
5994,Gilman
5995,Heimuli
5996,Ungar
5997,Sanborn
5998,Filkins
5999,West
6000,Mangum
6001,Patu
6002,Farrell
6003,Bergeron
6004,Tisdale
6005,Coley
6006,Greenwood
6007,Chestnut
6008,Simmons
6009,Wax
6010,Alford
6011,Mahar
6012,Tucker
6013,Elmore
6014,Bradford
6015,Hanna
6016,Rondi
6017,Roscoe
6018,Geer
6019,Atkinson
6020,Lutz
6021,Benson
6022,Williams
6023,Adams
6024,Kauhi
6025,Jones
6026,Kinsler
6027,Lowery
6028,Pena
6029,Harper
6030,Ellis
6031,Folk
6032,Cole
6033,Davis
6034,Jackson
6035,Cruz
6036,Cantin
6037,Ilaoa
6038,Servais
6039,Linton
6040,Roon
6041,Thompson
6042,Szmyt
6043,Darton
6044,Johnson
6045,Calabro
6046,Williams
6047,Lockett
6048,Black
6049,Okechukwu
6050,Red
6051,Vettorello
6052,Jonathan
6053,Williams
6054,Matthew
6055,Cooper
6056,Bleich
6057,Queeley
6058,Lamson
6059,Barron
6060,Hough
6061,Nunn
6062,Jones
6063,Mang
6064,Carter
6065,Shrader
6066,Sparrow
6067,Gadsden
6068,Morgan
6069,Labrosse
6070,Hatcher
6071,Seinfeld
6072,Harris
6073,Rogers
6074,Williams
6075,Armstead
6076,Evans
6077,Covington
6078,Conwright
6079,Banks
6080,Davis
6081,Foster
6082,Mathis
6083,Turnier
6084,Ware
6085,Honig
6086,Onyemaobi
6087,Daniels
6088,Gipson
6089,Avila
6090,Morris
6091,Bethley
6092,Brown
6093,Spielman
6094,Watson
6095,Bolticoff
6096,McMillon
6097,Van Zandt
6098,Coleman
6099,Eze
6100,Dinunzio
6101,Hodge
6102,Sandy
6103,Nichola
6104,Jackson
6105,Camara
6106,Cooper
6107,Mercado
6108,Miller
6109,Stewart
6110,Ellis
6111,Marchiso
6112,Kell
6113,Hayes
6114,Misi
6115,Ceasar
6116,Tomlinson
6117,Horton
6118,Carter
6119,Lott
6120,Johnston
6121,Coker
6122,Murray
6123,Collins
6124,Coleman
6125,Williams
6126,Duggan
6127,Lanz
6128,Barber
6129,Brooks
6130,Bradford
6131,Jackson
6132,Dike
6133,Watkins
6134,Foster
6135,Jenkins
6136,Jenkins
6137,Harris
6138,Winters
6139,Ellison
6140,Clark
6141,Donaldson
6142,Niese
6143,Thoman
6144,Perez
6145,Mason
6146,Mahone
6147,Clary
6148,Woodbury
6149,Moore
6150,Trask
6151,Cooper
6152,Fox
6153,Young
6154,Johnson
6155,Klein
6156,Blue
6157,Evans
6158,Gill
6159,Wilson
6160,Noble
6161,Ruiz
6162,Ruley
6163,Ware
6164,Clark
6165,Hogarth
6166,Foster
6167,Walker
6168,Bonner
6169,Barbon
6170,Saydee
6171,Bell
6172,Dobbins
6173,Sharpe
6174,Valenti
6175,McCargo
6176,Morris
6177,Kwenkeu
6178,Paul
6179,Varner
6180,Winston
6181,Stoffel
6182,Obidegwu
6183,Quarshie
6184,Gabriel
6185,Rodgers
6186,Anderson
6187,Reams
6188,Lynch
6189,Mathis
6190,Smith
6191,Stevenson
6192,Robertson
6193,Raines
6194,Magee
6195,Blair
6196,Martin
6197,Moore
6198,Jordan
6199,Tyler
6200,Jones
6201,Pittman
6202,Griffin
6203,Hooper
6204,Barry
6205,Zietek
6206,Rodriguez
6207,Rigby
6208,Odom
6209,Reid
6210,Ball
6211,Taylor
6212,Terry
6213,Blakely
6214,Garland
6215,Harrison
6216,Brooks
6217,Payton
6218,Charles
6219,Hooker
6220,Marley
6221,Mohan
6222,McCollough
6223,Bailey
6224,Beckwith
6225,Hyatt
6226,Davis
6227,Wright
6228,Jones
6229,Baron
6230,Page
6231,Keyton
6232,Harris
6233,Merrill
6234,McDonald
6235,Spraggins
6236,Garland
6237,Small
6238,Whitehead
6239,Bumphus
6240,Lane
6241,Coby
6242,Slaughter
6243,Simmons
6244,McGrath
6245,Mays
6246,Thomas
6247,Tremblay
6248,Campbell
6249,Milton
6250,Lampley
6251,Mays
6252,Parker
6253,Burrell
6254,Jackson
6255,Beasley
6256,Nixon
6257,Banks
6258,Fant
6259,Joseph
6260,Mitchell
6261,George
6262,Warren
6263,Young
6264,Hadden
6265,Holiday
6266,Tillman
6267,Wright
6268,Carvin
6269,Flowers
6270,Solomon
6271,Butler
6272,Evans
6273,Fields
6274,Rucker
6275,Willis
6276,Turnage
6277,Crawford
6278,Calloway
6279,Ojomo
6280,Harris
6281,Worthy
6282,Murphy
6283,Whitting
6284,Thompson
6285,Dicker
6286,Card
6287,Sweat
6288,Gbenda
6289,Schooler
6290,Foster
6291,Robinson
6292,Helm
6293,Broughton
6294,Brock
6295,Brooks
6296,Jones
6297,Ford
6298,Omeire
6299,Richardson
6300,Money
6301,Davis
6302,Majors
6303,Garth
6304,Cook
6305,Brewer
6306,Bush
6307,Parr
6308,Woodard
6309,Conner
6310,Adeoye
6311,Dunn
6312,Jones
6313,Hookfin
6314,Liebrock
6315,Thompson
6316,Oghoufo
6317,Karic
6318,Adimora
6319,Ghirmai
6320,Dixon
6321,Jamison
6322,Crawford
6323,Imade
6324,Kerstetter
6325,Thompson
6326,Coffey
6327,Overshown
6328,Warren
6329,Angilau
6330,Sanders
6331,Barron
6332,Moore
6333,Johnson
6334,Cain
6335,Johnson
6336,Robinson
6337,Washington
6338,Collins
6339,Sorrell
6340,Wright
6341,Pearson
6342,Wiley
6343,Goram
6344,Johnson
6345,Thornton
6346,Coburn
6347,Okafor
6348,Foster
6349,Stowers
6350,Preston
6351,Walker
6352,Young
6353,Smith
6354,Jones
6355,Vicario
6356,Harris
6357,Calzada
6358,Small
6359,Burris
6360,Hansford
6361,Jackson
6362,Spiller
6363,Price
6364,Harris
6365,Zuhn
6366,Matthews
6367,Moko
6368,George
6369,King
6370,Cooper
6371,Jones
6372,Robinson
6373,Wright
6374,Adeleye
6375,Norwood
6376,Chibuzo
6377,Achane
6378,Gilbert
6379,Cupp
6380,Hunter
6381,Wykoff
6382,Jones
6383,Johnson
6384,Ogunbiyi
6385,Fatheree
6386,Chappell
6387,Wydermyer
6388,Trainor
6389,Johnson
6390,Lee Jr
6391,Clemons
6392,Harmon
6393,O'Neal
6394,Green
6395,Jackson
6396,Williams
6397,Carper
6398,Muhammad
6399,Diggs
6400,Brown
6401,Richardson
6402,Demas
6403,White
6404,Chapman
6405,Lane
6406,Turner
6407,Davis
6408,Peevy
6409,Russell
6410,Johnson
6411,Johnson
6412,Crownover
6413,Bankhead
6414,Leal
6415,Jones
6416,Raikes
6417,Tucker
6418,Smith
6419,Verhulst
6420,Geiger
6421,Townsend
6422,Eldridge
6423,Mossimo
6424,Matthews
6425,Frye
6426,Keeler
6427,White
6428,Hutchings
6429,Storment
6430,Franks
6431,Brooks
6432,Bouyer
6433,Price
6434,Williams
6435,Blidi
6436,Rogers
6437,Lloyd
6438,Lewis
6439,Carde
6440,Roberson
6441,Pierre
6442,Jeffers
6443,Dunlap
6444,McNamara
6445,Deaton
6446,Wright
6447,Rigdon
6448,Valdez
6449,Banks
6450,Colombi
6451,Fields
6452,Esters
6453,Koontz
6454,Moore
6455,Waters
6456,Tatupu
6457,Drew
6458,Peterson
6459,Ramirez
6460,Te'o
6461,Wilson
6462,Burger
6463,Taylor
6464,Castles
6465,White
6466,Tharp
6467,Mbansor
6468,Mannix
6469,Robinson
6470,Morton
6471,Moore
6472,Cleveland
6473,Shough
6474,Floyd
6475,Watts
6476,Ezukanma
6477,Schooler
6478,Fouonji
6479,Thompson
6480,Pearson
6481,Wolff
6482,Jackson
6483,Bradely
6484,Monroe
6485,Bradford
6486,Long
6487,Koback
6488,Hall
6489,Winstead
6490,Stuart
6491,Ford
6492,Bauer
6493,Hood
6494,Gleason
6495,Lowe
6496,Culpepper
6497,Rogers
6498,Alexander
6499,Caudil
6500,Johnson
6501,Kelly
6502,Finn
6503,Delancy
6504,Bolden
6505,Berg
6506,Adkins
6507,Cluckey
6508,Doerger
6509,Ragin
6510,Constant
6511,Givhan
6512,Flint
6513,Ollison
6514,Stoefen
6515,Ateman
6516,Dumont
6517,Rosi
6518,Barrow
6519,Lacey
6520,Crider
6521,Sciury
6522,Rosi
6523,Mitchell
6524,Bradley
6525,Landers
6526,Hines
6527,Stephens
6528,Gurman
6529,Taylor
6530,Simon
6531,Bergen
6532,Bisek
6533,Woliver
6534,Coleman
6535,McDonald
6536,Womack
6537,Blankumsee
6538,Butler
6539,Maddox
6540,Crider
6541,Newton
6542,Harris
6543,Mitchell
6544,King
6545,Clark
6546,Cooper
6547,McKinley
6548,Hook
6549,Jones
6550,Recker
6551,Johnson
6552,Anderson
6553,Redmon
6554,Turner
6555,Dublin
6556,Brown
6557,Dorceus
6558,Harrison
6559,Brooks
6560,Presley
6561,Dyson
6562,Carroll
6563,Johnson
6564,Taliancich
6565,Champaigne
6566,Monroe
6567,Cooper
6568,Remetich
6569,Jackel
6570,Claybrook
6571,Lunz
6572,Williams
6573,Canady
6574,Celestine
6575,Williams
6576,Shook
6577,Wyatt
6578,Glover
6579,West
6580,Eugene
6581,Orgeron
6582,Thomas
6583,Platt
6584,Thomas
6585,James
6586,Robinson
6587,Fort
6588,Seiden
6589,Hicks
6590,Dixon
6591,Anderson
6592,Laister
6593,Hall
6594,Wright
6595,Horton
6596,Pratt
6597,Hodges
6598,Green
6599,Anderson
6600,Shafter
6601,Tuggle
6602,White
6603,Henry
6604,Clark
6605,Rakestraw
6606,Hatcher
6607,Green
6608,Kerr
6609,Moody
6610,Machado
6611,Watts
6612,Daniels
6613,Booker
6614,Friloux
6615,Watts
6616,Huggins
6617,Jackson
6618,Bohanon
6619,Toles
6620,Spears
6621,Wallace
6622,Ibieta
6623,Jones
6624,Baah
6625,Smith
6626,Grant
6627,Lamp
6628,Fuller
6629,Martin
6630,Ellis
6631,Gadlin
6632,Solomon
6633,Wheeler
6634,Stevenson
6635,Williams
6636,Carlisle
6637,Hall
6638,Ray
6639,Braxton
6640,Brooks
6641,Anderson
6642,Oliver
6643,Watkins
6644,Long
6645,Goodlow
6646,Wallace
6647,Fuller
6648,Muskrat
6649,Bucktrot
6650,Rogers
6651,Sawyer
6652,Wright
6653,Johnson
6654,Alonso
6655,Prince
6656,Wilson
6657,Johnson
6658,Player
6659,Crawford
6660,Tryon
6661,Farniok
6662,Bivens
6663,Boomer
6664,Benjamin
6665,Hopkins
6666,Hendrix
6667,Naylor
6668,Taylor
6669,Paul
6670,Bray
6671,Cantu
6672,Reeves
6673,Terry
6674,Anderson
6675,Jones
6676,Williams
6677,Wick
6678,Brin
6679,Davis
6680,Revels
6681,Palmer
6682,Anderson
6683,Couch
6684,Santana
6685,Montgomery
6686,Jackson
6687,Boomer
6688,Jones
6689,Powers
6690,Stewart
6691,Stokes
6692,Burnett
6693,McGee
6694,Moultrie
6695,Thomas
6696,Farrier
6697,Cash
6698,Jones
6699,Trehern
6700,Palmer
6701,Brown
6702,Smith
6703,Fairbanks
6704,Wilder
6705,Cook
6706,Marshall
6707,Turner
6708,Key
6709,Boler
6710,Swoopes
6711,Young
6712,Oliver
6713,Thomas
6714,Albertson
6715,Greenwell
6716,Bynum
6717,Miller
6718,Conner
6719,Ragland
6720,Jones
6721,Wells
6722,Penn
6723,Sanders
6724,Rudolph
6725,Bedosky
6726,Stanley
6727,Sanders
6728,Moll
6729,Wilson
6730,McWilliams
6731,Richey
6732,Mayala
6733,Miller
6734,Johnston
6735,Eason
6736,Davis
6737,Hopkins
6738,Harrell
6739,Rykard
6740,McDonald
6741,Damous
6742,Rayam
6743,McWilliams
6744,Wright
6745,Wooden
6746,Pittman
6747,Turner
6748,Prince
6749,Forte
6750,Lucero
6751,Taylor
6752,Flournoy
6753,Davis
6754,Daniels
6755,Shropshire
6756,McBride
6757,Quinn
6758,Stanley
6759,Lanier
6760,Benton
6761,Telfort
6762,Beckett
6763,Dulcich
6764,Osling
6765,Shaw
6766,Strother
6767,Jones
6768,Guidry
6769,Kaho
6770,Johnson
6771,Taupaki
6772,Sellers
6773,Jackson
6774,Jackson
6775,Gaines
6776,Anderson
6777,Nimmo
6778,Kirkwood
6779,Garbers
6780,Charbonnet
6781,Pitts
6782,Loya
6783,Heath
6784,Magna
6785,Medrano
6786,Manoa
6787,Johnson
6788,Ezeike
6789,Price
6790,Gramlick
6791,Humphrey
6792,Marrazzo
6793,Fernea
6794,Churchwell
6795,Vaughns
6796,Lake
6797,Jolly
6798,Allen
6799,Fina
6800,Ogbonnia
6801,Barr-Mira
6802,Griffin
6803,Robinson
6804,Irby
6805,Toia
6806,Jones
6807,DiGiorgio
6808,Rhyan
6809,Martinez
6810,Carlin
6811,Agude
6812,Sykes
6813,Clemens
6814,Eboh
6815,Calvert
6816,Mafi
6817,Ward
6818,Knight
6819,Blaylock
6820,Warnell
6821,Hurt
6822,Brown
6823,Priebe
6824,Cota
6825,Akers
6826,Artopoeus
6827,Grattan
6828,Brown
6829,Philips
6830,Isibor
6831,Anderson
6832,Timmons
6833,Chandler
6834,Askew
6835,Turner
6836,Emmanuel
6837,Tucker
6838,Mack
6839,Holley
6840,Rasuo
6841,Reynolds
6842,Whisenhunt
6843,Watts
6844,Newsome
6845,Hughes
6846,Nwanna
6847,Sa'o
6848,Creamer
6849,Robinson
6850,Martinez
6851,King
6852,Ursery
6853,Alexander
6854,Boyd
6855,Wallace
6856,Dollar
6857,Howard
6858,Wilson
6859,Smith
6860,Kelly
6861,Thompson
6862,Ragland
6863,Martin
6864,Cruz
6865,Byrd
6866,Boykins
6867,Moore
6868,Posey
6869,Jackson
6870,Reynolds
6871,Wardlow
6872,Brown
6873,Pearson
6874,Camp
6875,Murray
6876,Foster
6877,Goode
6878,DuBose
6879,Bemah
6880,Gist
6881,Bailey
6882,Muslim
6883,Potts
6884,Burden
6885,Scotland
6886,Parker
6887,Hampton
6888,Kelly
6889,Jackson
6890,Agbaw
6891,Robitaille
6892,Clawson
6893,Williams
6894,Rice
6895,Rogers
6896,Morgan
6897,Weber
6898,Spencer
6899,Carriere
6900,McDaniel
6901,Ballungay
6902,Reese
6903,Magyar
6904,Johnson
6905,Lewis
6906,Bell
6907,Jenkins
6908,Bean
6909,Viramontes
6910,Collins
6911,Butt
6912,Shanks
6913,Martell
6914,Murphy
6915,Abdullah
6916,Hendrix
6917,Henderson
6918,Schopper
6919,Brown
6920,Swingler
6921,Dawson
6922,Jallow
6923,Phillips
6924,Beach
6925,Hunte
6926,Wright
6927,Franklin
6928,Barnes
6929,Neal
6930,Jones
6931,Daniels
6932,Bentley
6933,Hardy
6934,Fuller
6935,Ezechukwu
6936,Edwards
6937,Anthrop
6938,Larkin
6939,Hudson
6940,Dellinger
6941,Wegher
6942,Truitt
6943,Washington
6944,Okonye
6945,Simmons
6946,McCann
6947,McCollum
6948,Smart
6949,Lille
6950,Thieneman
6951,Sparks
6952,Blough
6953,Yacoobi
6954,Watts
6955,Wilson
6956,Barron
6957,Hayes
6958,Robinson
6959,Abrams
6960,Evans
6961,Steinmetz
6962,Hopkins
6963,Cason
6964,Herdman
6965,Hermanns
6966,Holmes
6967,Mahoungou
6968,Higgins
6969,Jackson
6970,Sipe
6971,Zico
6972,Hamilton
6973,Miles
6974,McWilliams
6975,Parker
6976,Mendez
6977,Reviere
6978,Mosely
6979,Sindelar
6980,Mackey
6981,Criddle
6982,Trussell
6983,Worship
6984,Knox
6985,Blackmon
6986,Bailey
6987,Osuji
6988,Godber
6989,Whitaker
6990,Wilkins
6991,Ibe
6992,Garcia
6993,Nyakwol
6994,Tyner
6995,Banks
6996,Thompson
6997,Corbett
6998,Bertrand
6999,Ellerbe
7000,Wright
7001,Orji
7002,Stewart
7003,Smalls
7004,Esukpa
7005,Royall
7006,Ballard
7007,Hubbard
7008,Tobola
7009,Douglas
7010,Womac
7011,Cummings
7012,Uretsky
7013,Pierce
7014,Silcox
7015,Adams
7016,Hanusa
7017,Fox
7018,Wright
7019,Eriksen
7020,MacKellar
7021,Granson
7022,Ekpe
7023,Richardson
7024,Schantz
7025,Ellis
7026,Thompson
7027,Klingler
7028,Myers
7029,Thomas
7030,Anderson
7031,Long
7032,Montgomery
7033,Akunebu
7034,Terrill
7035,Padgett
7036,Walter
7037,Walter
7038,Cephus
7039,Glaesmann
7040,Johnson
7041,Gordon
7042,Mokry
7043,Dill
7044,Smith
7045,Martin
7046,Ellerbee
7047,White
7048,Trammell
7049,Bickham
7050,Wells 
7051,Clark
7052,Thornton
7053,Smith
7054,Nwakamma
7055,Green
7056,Avery
7057,Cole
7058,Jones
7059,Austin
7060,Wiafe
7061,Hayes
7062,Margolis
7063,Radmanovic
7064,Onyechi
7065,Seymour
7066,Joseph
7067,Venesky
7068,Bateky
7069,Wilkins
7070,Edwards
7071,Hester
7072,Lopez
7073,Thiene
7074,Marfo
7075,Fogg
7076,Wormley
7077,Harris
7078,Sneed
7079,Davis
7080,Barrow
7081,Harte
7082,Anthony
7083,Bordner
7084,Turay
7085,Clark
7086,Miller
7087,Maietti
7088,Bolin
7089,Bailey
7090,Gray
7091,Krimin
7092,Stevens
7093,Vretman
7094,Anderson
7095,Turner
7096,Hogan
7097,Russell
7098,Hicks
7099,Blackshear
7100,Rescigno
7101,Mitchell
7102,Howson
7103,Vokolek
7104,Applefield
7105,Jackson
7106,Wharton
7107,Lumor
7108,Battle
7109,Morris
7110,Lonsdorf
7111,Fatukasi
7112,Hampton
7113,Washington
7114,Martin 
7115,Nash
7116,Maddox
7117,Douglas
7118,Cintron
7119,Lewis
7120,Hayek
7121,Grant
7122,Mitchell
7123,Roberts
7124,Melton
7125,Baron
7126,Salcedo
7127,Gerhard
7128,McGee
7129,Blain
7130,Hawkins
7131,Tucker
7132,Pierson
7133,Tai
7134,Rochelin
7135,Mathis
7136,Stricklin
7137,Warring
7138,Munson
7139,Achayo
7140,Rosales
7141,Washington
7142,Judge
7143,Truxton
7144,Richardson
7145,Vaughn
7146,Thompson
7147,Clay
7148,Bawden
7149,Kazee
7150,Melifonwu
7151,Phillips
7152,Dodds
7153,Miller
7154,Favreau
7155,Walker
7156,Brunskill
7157,Jasmin
7158,Babiash
7159,Agnew
7160,Kelly
7161,Ismael
7162,Pumphrey
7163,Baldwin
7164,Johnson
7165,Woods
7166,Tezino
7167,Cheatum
7168,Wyatt
7169,Thayer
7170,Murphy
7171,Smith
7172,Roemer
7173,Barrett
7174,Hall
7175,Lomax
7176,Dunn
7177,Lakalaka
7178,Gardner
7179,Cassidy
7180,Anderson 
7181,Stamps
7182,Dixon
7183,Ricks
7184,Holder
7185,Henderson
7186,Kelley
7187,Parchment
7188,Siragusa
7189,Wells
7190,Montgomery
7191,Lessard
7192,Flores
7193,Chapman
7194,Penny
7195,Bierria
7196,Kelly
7197,Kelly
7198,Williams
7199,Aguayo
7200,Nelson
7201,Ferrerra
7202,Johnson
7203,Miller
7204,Tolefree
7205,Humphreys
7206,McKnight
7207,Latu
7208,Oliver
7209,Roberson
7210,Williams
7211,Hartley
7212,Carrizosa
7213,Sims
7214,Snyder
7215,Colman
7216,Woodard
7217,Carter
7218,Ginda
7219,Gonzalez
7220,Osuna
7221,Lenard Jr
7222,Hoppe
7223,Monroe
7224,Crawford
7225,Velichko
7226,Townsend
7227,Ezell
7228,Walker
7229,Aimonetti
7230,Spielman
7231,Taylor
7232,Parker
7233,Allen
7234,Leung
7235,Webb
7236,Ossai
7237,Kowalski
7238,Surry
7239,Alexander
7240,Chachere
7241,Hawkins
7242,Gaither
7243,Love
7244,Johnson
7245,Blackwell
7246,Nevens
7247,Aaron
7248,Balderas
7249,Smith
7250,Monroe
7251,Parks
7252,Hardy
7253,Cottrell
7254,Roberts
7255,Zigler
7256,Liles
7257,Ayers
7258,Holmes
7259,Bridges
7260,Failauga
7261,Scott
7262,Kolone
7263,White
7264,Smith
7265,Todora
7266,Sutton
7267,Sutton
7268,Onu
7269,Cox
7270,Wyatt
7271,McQueen
7272,Jeanlys
7273,Gentry
7274,Ndukwe
7275,Pursley
7276,Robinson
7277,Mitchell
7278,Castille
7279,Davis
7280,Clark
7281,Carmouche
7282,Biggurs
7283,Jones
7284,Freeman
7285,Rhone
7286,Hicks
7287,Johnson
7288,Gary
7289,Honey
7290,Brown
7291,Webb
7292,Badejo
7293,Page
7294,Natour
7295,Becker
7296,Medlock
7297,Scott
7298,Benson
7299,Duke
7300,Spears
7301,Loveless
7302,Upshaw
7303,Sackville
7304,Gillins
7305,Bell
7306,Wilds
7307,Peavey
7308,Williams
7309,Guy
7310,Robinson
7311,Howerton
7312,Hyder
7313,Huhn
7314,Williams
7315,Saena
7316,Ward
7317,West
7318,Clemons
7319,Kaufman
7320,Lawler
7321,Lancaster
7322,Quinn
7323,Walker
7324,McLaurin
7325,Thomas
7326,Johnson
7327,Williams
7328,Epps
7329,Proche
7330,Ali
7331,McNew
7332,Hailey
7333,Turner
7334,Webb
7335,Woznick
7336,Williams
7337,Carlay
7338,Smith
7339,Helms
7340,Banks
7341,Chalmers
7342,Greene
7343,Jones
7344,Blackshear
7345,August
7346,Bowen
7347,Freeman
7348,Dickerson
7349,Bailey
7350,Jackson
7351,Douglas
7352,Nixon
7353,Googer
7354,Samuel
7355,Smith
7356,Knott
7357,Young
7358,Allen
7359,Williams
7360,Stanley
7361,Kinlaw
7362,Camper
7363,Pellage
7364,Wilder
7365,Almond
7366,Edwards
7367,Sterling
7368,Sawyer
7369,Derouen
7370,Urich
7371,Brown
7372,Moore
7373,Dawkins
7374,Crosby
7375,Terrell
7376,Fennell
7377,Hinson
7378,Lammons
7379,Thomas
7380,Stallworth
7381,Staley
7382,Fenton
7383,Johnson
7384,Thompson
7385,Wonnum
7386,Hurst
7387,Smith
7388,Denson
7389,Bentley
7390,King
7391,Brunson
7392,Williams
7393,Farrell
7394,Cippoleta
7395,Hutcherson
7396,Pollard
7397,Dowdle
7398,Markway
7399,Park
7400,Smith
7401,Davis
7402,Montac
7403,Sangster
7404,Alcius
7405,Pollard
7406,Jones
7407,Abston
7408,Mitchell
7409,Armstrong
7410,Dorbeck
7411,Stutzman
7412,Smith
7413,Jones
7414,Staggers
7415,Latham
7416,Riley
7417,Applewhite
7418,Harris
7419,Crayton
7420,Howard
7421,Richthofen
7422,Smith
7423,Griggs
7424,Osborne
7425,Mitchell
7426,Douglas
7427,Kilcrease
7428,Parks
7429,Marion
7430,Payne
7431,Maberry
7432,Turner
7433,Moore
7434,Dixon
7435,Foxworth
7436,Yancey
7437,Sykes
7438,Farrior
7439,Patrick
7440,Ruff
7441,Boothe
7442,Washington
7443,Anderson
7444,Cole
7445,Market
7446,Shaunfield
7447,Terry
7448,Everett
7449,Fludd
7450,Rials
7451,Flott
7452,Watkins
7453,Harris
7454,Griner
7455,Fails
7456,Collins
7457,Clayton
7458,Barnes
7459,Davis
7460,Daniels
7461,Schrimsher
7462,Fletcher
7463,Adams
7464,Whitehead
7465,Nelson
7466,Mikell
7467,Terry
7468,Allen
7469,Robertson
7470,Thigpen
7471,Landry
7472,Jackson
7473,Perry
7474,Miller
7475,Bird
7476,Thomas
7477,Harrison
7478,Walker
7479,Brown
7480,Barnes
7481,McCollum
7482,Barnes
7483,Lemoto
7484,Kidd
7485,Goodacre
7486,Ford
7487,Cryer
7488,Crawford
7489,Brooks
7490,Smith
7491,Greenhouse
7492,Jacquet
7493,Nunez
7494,Mitchell
7495,Varnado
7496,Fredericks
7497,Prudhomme
7498,Booker
7499,Wade
7500,Stephens
7501,Holmes
7502,Miller
7503,Hunt
7504,Posey
7505,Dotson
7506,Brewster
7507,Perkins
7508,Cederquist
7509,Jones
7510,Boudreaux
7511,Gossett
7512,Arceneaux
7513,Davis
7514,Rogers
7515,Robinson
7516,Mitchell
7517,Higgins
7518,Miller
7519,Wallace
7520,Horst
7521,Marks
7522,Ragas
7523,Brown
7524,Wright
7525,Lee
7526,Withrow
7527,Turner
7528,Artigue
7529,Dillon
7530,Thomas
7531,Calais
7532,Jeffries
7533,Malone
7534,Ray
7535,Scott
7536,Howard
7537,Bradley
7538,Howell
7539,Hoggins
7540,Johnson
7541,Hamilton
7542,Antoine
7543,Swann
7544,Fanaika
7545,Phillips
7546,Irwin
7547,Harrington
7548,Wedington
7549,Sarell
7550,Alexander
7551,Dreyer
7552,Schaffer
7553,Jackson
7554,Toner
7555,Schultz
7556,Butler
7557,Murphy
7558,Wilson
7559,Edwards
7560,Love
7561,Speights
7562,Holder
7563,Chryst
7564,Alfieri
7565,Burkett
7566,Palma
7567,Buncom
7568,Tyler
7569,Costello
7570,Little
7571,Kalambayi
7572,Whiteside
7573,Meeks
7574,Hall
7575,Branch
7576,Pryts
7577,Robinson
7578,Cotton
7579,Williams
7580,Lund
7581,Wade
7582,Perry
7583,Scarlett
7584,Tucker
7585,Reid
7586,Chaffin
7587,Barton
7588,Okereke
7589,Herbig
7590,Eboh
7591,Johnson
7592,Maddox
7593,Stewart
7594,Williams
7595,Head
7596,Veach
7597,Fox
7598,Brandt
7599,Sims
7600,Smith
7601,Bright
7602,Toohill
7603,Simmons
7604,Marx
7605,Parkinson
7606,Bailey
7607,St. Brown
7608,Burns
7609,Tyler
7610,Mills
7611,Adebo
7612,Roberts
7613,Byrne
7614,Williams
7615,Foster
7616,Hudson
7617,Dowels
7618,Henderson
7619,Custis
7620,Ruff
7621,Neal
7622,Kleinberg
7623,Foster
7624,Clark
7625,Slayton
7626,Samuels
7627,Cullen
7628,Martin
7629,Strickland
7630,Pierce
7631,Williams
7632,Pierre
7633,Avant
7634,Riley
7635,Coleman
7636,Bennett
7637,Stockton
7638,Harper
7639,Davis
7640,Heckel
7641,Hofrichter
7642,Davis
7643,Conway
7644,Pickard
7645,Guthrie
7646,Duerig
7647,Servais
7648,Armstrong
7649,Richards
7650,Franklin
7651,Murphy
7652,Mahoney
7653,Ishmael
7654,DeVito
7655,Butler
7656,Morton
7657,Black
7658,Berry
7659,Clausman
7660,O'Sullivan
7661,Jonathan
7662,Fagan
7663,McGloster
7664,Butler
7665,Adams
7666,Darney
7667,Dungey
7668,Thomas
7669,Perkins
7670,Cordy
7671,Whitner
7672,Hackett
7673,Bradshaw
7674,Culpepper
7675,Fredrick
7676,Philips
7677,Ellison
7678,Jones
7679,Johnson
7680,Enoicy
7681,Douglas
7682,Lynn
7683,Austin
7684,Downing
7685,Anderson
7686,Simmons
7687,Slanina
7688,Issahaku
7689,Nixon
7690,Banogu
7691,Boesen
7692,Tuua
7693,Reid
7694,Graham
7695,Epley
7696,Daniels
7697,Manning
7698,Harris
7699,Howard
7700,Bethley
7701,Hollins
7702,Orr
7703,Collier
7704,Malone
7705,Morris
7706,Van Zandt
7707,Overshown
7708,Myers
7709,Turpin
7710,Robinson
7711,Nunez
7712,Bolisomi
7713,Olonilua
7714,Diarse
7715,Bradley
7716,Hicks
7717,Pryor
7718,Texada
7719,Summers
7720,Altman
7721,Song
7722,Niang
7723,Elliott
7724,Blacklock
7725,James
7726,Gaines
7727,Lewis
7728,Hunt
7729,Reagor
7730,Awolope
7731,Bowen
7732,Hill
7733,Noteboom
7734,Dunham
7735,Muehlstein
7736,Iwuagwu
7737,White
7738,Evans
7739,Small
7740,Williams
7741,Porter
7742,Scott
7743,Snell
7744,Gladney
7745,Broadnax
7746,Harris
7747,Wilson
7748,Collins
7749,Onyemaobi
7750,Bryant
7751,Gardner
7752,Carter
7753,Conover
7754,Thomas
7755,Webb
7756,Finch
7757,Isaacs
7758,Foster
7759,Robinson
7760,Bryant
7761,Hood
7762,Grimes
7763,Jennings
7764,Boozer
7765,Ellick
7766,Simpson
7767,Atoki
7768,Russell
7769,Centeio
7770,Crump
7771,Sharga
7772,Jefferson
7773,Chandler
7774,Dogbe
7775,Hennessy
7776,Roche
7777,Jones
7778,Folks
7779,Ritrovato
7780,Williams
7781,Armstead
7782,Levine
7783,Marchi
7784,Bradley
7785,Booth
7786,Lloyd
7787,Kwenkeu
7788,Bruton
7789,Dioubate
7790,Burns
7791,Ruff
7792,Sestili
7793,Israel
7794,Moody
7795,Tucker
7796,Mack
7797,Yancy
7798,Nutile
7799,Russo
7800,Graham
7801,Mobley
7802,Wright
7803,Boumerhi
7804,Walls
7805,Franklin
7806,Raynor
7807,Johnson
7808,Sullivan
7809,Ebiketei
7810,Tyler
7811,Kirkwood
7812,Anderson
7813,Thomas
7814,Fair
7815,Starzyk
7816,Martin
7817,Myarick
7818,Washington
7819,Ali
7820,Randall
7821,Niehaus
7822,George
7823,Johnson
7824,Berry
7825,Kelly
7826,Labruzza
7827,McBride
7828,Jennings
7829,Martin
7830,Guarantano
7831,Warrior
7832,Locklear
7833,Kelly
7834,Bates
7835,Kirkland
7836,Callaway
7837,Hall
7838,Richmond
7839,Williams
7840,Buchanan
7841,McDowell
7842,Gaulden
7843,Smith
7844,Johnson
7845,Phillips
7846,Ignont
7847,Smith
7848,Abernathy
7849,Bituli
7850,Daniel
7851,Fils
7852,Aime
7853,Crosby
7854,Tuttle
7855,Robertson
7856,Medley
7857,Kongbo
7858,Johnson
7859,Picou
7860,Johnson
7861,Dormady
7862,Tatum
7863,Johnson
7864,Kendrick
7865,Jumper
7866,Wiggins
7867,Boulware
7868,Pope
7869,Smith
7870,Sapp
7871,Thaxton
7872,Moseley
7873,Bumphus
7874,Wolf
7875,Reid
7876,Coleman
7877,Palmer
7878,Berry
7879,Thomas
7880,Jones
7881,Gray
7882,Wolf
7883,Vickers
7884,Chandler
7885,Henderson
7886,Osborne
7887,McKenzie
7888,Taylor
7889,Jordan
7890,Byrd
7891,Imade
7892,Bimage
7893,Humphrey
7894,Kerstetter
7895,Warren 
7896,Davis
7897,Jefferson
7898,Jones
7899,Rodriguez
7900,Davis
7901,Leitao
7902,Elliott
7903,Johnson
7904,Moore
7905,Wilbon
7906,Leonard
7907,Porter
7908,Carter
7909,Wheeler
7910,Johnson
7911,Locke 
7912,Boyd
7913,Nelson
7914,Ford
7915,McMillon
7916,Hemp
7917,Brewer
7918,Hughes
7919,Vahe
7920,Estell
7921,Urquidez
7922,Freeman
7923,Rowland
7924,Hager
7925,Hudson
7926,Heard
7927,Chisholm
7928,Graham
7929,Christmas
7930,Johnson
7931,Boyd
7932,Foreman
7933,Duvernay
7934,Hill
7935,Thomas
7936,Nickelson
7937,Thompson
7938,Hall
7939,Townsend
7940,Omenihu
7941,Anderson
7942,Duvernay
7943,Cuffee
7944,Young
7945,Buechele
7946,Bonney
7947,Brown
7948,Covey
7949,Ford
7950,Roach
7951,Burt
7952,Ehlinger
7953,Dickson
7954,Beck
7955,McCulloch
7956,Williams
7957,Fitzgerald
7958,Daniels
7959,Okafor
7960,Hocker
7961,Mond
7962,Ratley
7963,Moton
7964,Bird
7965,Chattman
7966,Oliver
7967,Tripucka
7968,Lanfear
7969,Starkel
7970,Mack
7971,Siverand
7972,Hansford
7973,Madubuike
7974,Williams
7975,Gillaspia
7976,Johnson
7977,Hines 
7978,McCoy
7979,Ausbon
7980,Diesch
7981,Cline
7982,Chriss
7983,Anderson
7984,Okeke
7985,Johnson
7986,Henderson
7987,Thomas
7988,McCollum
7989,Etwi
7990,Dunning
7991,Schorp
7992,Elam
7993,Hubenak
7994,Jones
7995,Prater
7996,Martin
7997,Daimler
7998,Tucker
7999,Morris
8000,Sutherland
8001,Talbert
8002,Pryor
8003,Clemons
8004,Harvey
8005,Watts
8006,Kirk
8007,Buckley
8008,Capers
8009,Nguyen
8010,Carper
8011,Rogers
8012,Bussey
8013,Ford
8014,Wilson
8015,Davis
8016,Alaka
8017,Cunningham
8018,Kibodi
8019,Keke
8020,Paul
8021,Peevy
8022,Fuller
8023,Dodson
8024,Johnson
8025,Blumrick
8026,Reed
8027,Durham
8028,Willis
8029,LaCamera
8030,Adams
8031,Felton
8032,Tuiasosopo
8033,Tuivaiti
8034,Finau
8035,Tuigamala
8036,Tuipulotu
8037,Lauti
8038,Maafu
8039,Tuisamoa
8040,Matagi
8041,Togia
8042,Malieitulua
8043,Tuakoi
8044,Tupou
8045,Vaenuku
8046,Taumalolo
8047,Vaihola
8048,Fonoti
8049,Tuita
8050,Pulu
8051,Vaovasa
8052,Siaki
8053,Tavita
8054,Moeaki
8055,Hafoka
8056,Taukolo
8057,Maka
8058,Unga
8059,Taula
8060,Tavake
8061,Vakameilalo
8062,Uasike
8063,Savelio
8064,Teo
8065,Lavaka
8066,Katoa
8067,Niumatai
8068,Kauvaka
8069,Halangahu
8070,Tuipala
8071,Fonua
8072,Taufa
8073,Taulapapa
8074,Uasi
8075,Ngalu
8076,Kaufusi
8077,Taniela
8078,Vakapuna
8079,Veikoso
8080,Unger
8081,Kefu
8082,Taua
8083,Palepoi
8084,Tamaivena
8085,Tofa
8086,Fisiiahi
8087,Oloapu
8088,Vakauta
8089,Saumaki
8090,Likiliki
8091,Tuitavake
8092,Tala
8093,Mahe
8094,Tuia
8095,Koroi
8096,Natadra
8097,Nena
8098,Mori
8099,Leka
8100,Faamau
8101,Afeaki
8102,Sione
8103,Kaitu'u
8104,Lauaki
8105,Tofiga
8106,Vakalala
8107,Taga
8108,Vakacegu
8109,Talakai
8110,Vulaono
8111,Fatui
8112,Faletoi
8113,Vafusuaga
8114,Mulitalo
8115,Ieremia
8116,Fifita
8117,Paama
8118,Kofutua
8119,Fusitua
8120,Sikiti
8121,Silivelio
8122,Talitimu
8123,Taualupe
8124,Faletagoai
8125,Soakai
8126,Vaoifi
8127,Lolohea
8128,Vaotu'ua
8129,Kalolo
8130,Lino
8131,Vunipola
8132,Lavulo
8133,Uluiviti
8134,Ulugia
8135,Tofilau
8136,Liaina
8137,Telea
8138,Sio
8139,Kioa
8140,Vaipulu
8141,Lutu
8142,Vakalahi
8143,Viliamu
8144,Faamausili
8145,Latu
8146,Paupau
8147,Luafalmana
8148,Fautanu
8149,Manu
8150,Kai
8151,Chang
8152,Lee
8153,Kawamoto
8154,Taamu
8155,Vea
8156,Tunufi
8157,Latu
8158,Siomanu
8159,Hanohano
8160,Kealoha
8161,Makani
8162,Kamakani
8163,Onaona
8164,Akana
8165,Mahelona
8166,Kamakawaole
8167,Kahale
8168,Iona
8169,Halia
8170,Akau
8171,Ane
8172,Kale
8173,Kelekolio
8174,Hekekia
8175,Hanalei
8176,Aloha
8177,Aiwohi
8178,Auau
8179,Kaiwa
8180,Kaina
8181,Kamu
8182,Aolani
8183,Kaanaana
8184,Kalama
8185,Kahana
8186,Kahananui
8187,Makalii
8188,Kanu
8189,Kanuha
8190,Alo
8191,Laulima
