INJL,Time
0,Will Return
1,Will Return
2,Will Return
3,Will Return
4,Will Return
5,Will Return
6,Will Return
7,Will Return
8,Will Return
9,Will Return
10,Will Return
11,1 Quarter
12,2 Quarters
13,3 Quarters
14,Game
15,1 Week
16,1 Week
17,1 Week
18,1 Week
19,1 Week
20,1 Week
21,1 Week
22,1 Week
23,1 Week
24,1 Week
25,1 Week
26,1 Week
27,1 Week
28,1 Week
29,1 Week
30,1 Week
31,1 Week
32,1 Week
33,1 Week
34,1 Week
35,2 Weeks
36,2 Weeks
37,2 Weeks
38,2 Weeks
39,2 Weeks
40,2 Weeks
41,2 Weeks
42,2 Weeks
43,2 Weeks
44,2 Weeks
45,2 Weeks
46,2 Weeks
47,2 Weeks
48,2 Weeks
49,2 Weeks
50,2 Weeks
51,2 Weeks
52,2 Weeks
53,2 Weeks
54,2 Weeks
55,3 Weeks
56,3 Weeks
57,3 Weeks
58,3 Weeks
59,3 Weeks
60,3 Weeks
61,3 Weeks
62,3 Weeks
63,3 Weeks
64,3 Weeks
65,3 Weeks
66,3 Weeks
67,3 Weeks
68,3 Weeks
69,3 Weeks
70,3 Weeks
71,3 Weeks
72,3 Weeks
73,3 Weeks
74,3 Weeks
75,4 Weeks
76,4 Weeks
77,4 Weeks
78,4 Weeks
79,4 Weeks
80,4 Weeks
81,4 Weeks
82,4 Weeks
83,4 Weeks
84,4 Weeks
85,4 Weeks
86,4 Weeks
87,4 Weeks
88,4 Weeks
89,4 Weeks
90,4 Weeks
91,4 Weeks
92,4 Weeks
93,4 Weeks
94,4 Weeks
95,5 Weeks
96,5 Weeks
97,5 Weeks
98,5 Weeks
99,5 Weeks
100,5 Weeks
101,5 Weeks
102,5 Weeks
103,5 Weeks
104,5 Weeks
105,5 Weeks
106,5 Weeks
107,5 Weeks
108,5 Weeks
109,5 Weeks
110,5 Weeks
111,5 Weeks
112,5 Weeks
113,5 Weeks
114,5 Weeks
115,6 Weeks
116,6 Weeks
117,6 Weeks
118,6 Weeks
119,6 Weeks
120,6 Weeks
121,6 Weeks
122,6 Weeks
123,6 Weeks
124,6 Weeks
125,6 Weeks
126,6 Weeks
127,6 Weeks
128,6 Weeks
129,6 Weeks
130,6 Weeks
131,6 Weeks
132,6 Weeks
133,6 Weeks
134,6 Weeks
135,7 Weeks
136,7 Weeks
137,7 Weeks
138,7 Weeks
139,7 Weeks
140,7 Weeks
141,7 Weeks
142,7 Weeks
143,7 Weeks
144,7 Weeks
145,7 Weeks
146,7 Weeks
147,7 Weeks
148,7 Weeks
149,7 Weeks
150,7 Weeks
151,7 Weeks
152,7 Weeks
153,7 Weeks
154,7 Weeks
155,8 Weeks
156,8 Weeks
157,8 Weeks
158,8 Weeks
159,8 Weeks
160,8 Weeks
161,8 Weeks
162,8 Weeks
163,8 Weeks
164,8 Weeks
165,8 Weeks
166,8 Weeks
167,8 Weeks
168,8 Weeks
169,8 Weeks
170,8 Weeks
171,8 Weeks
172,8 Weeks
173,8 Weeks
174,8 Weeks
175,9 Weeks
176,9 Weeks
177,9 Weeks
178,9 Weeks
179,9 Weeks
180,9 Weeks
181,9 Weeks
182,9 Weeks
183,9 Weeks
184,9 Weeks
185,9 Weeks
186,9 Weeks
187,9 Weeks
188,9 Weeks
189,9 Weeks
190,9 Weeks
191,9 Weeks
192,9 Weeks
193,9 Weeks
194,9 Weeks
195,10 Weeks
196,10 Weeks
197,10 Weeks
198,10 Weeks
199,10 Weeks
200,10 Weeks
201,10 Weeks
202,10 Weeks
203,10 Weeks
204,10 Weeks
205,10 Weeks
206,10 Weeks
207,10 Weeks
208,10 Weeks
209,10 Weeks
210,10 Weeks
211,10 Weeks
212,10 Weeks
213,10 Weeks
214,10 Weeks
215,11 Weeks
216,11 Weeks
217,11 Weeks
218,11 Weeks
219,11 Weeks
220,11 Weeks
221,11 Weeks
222,11 Weeks
223,11 Weeks
224,11 Weeks
225,11 Weeks
226,11 Weeks
227,11 Weeks
228,11 Weeks
229,11 Weeks
230,11 Weeks
231,11 Weeks
232,11 Weeks
233,11 Weeks
234,11 Weeks
235,12 Weeks
236,12 Weeks
237,12 Weeks
238,12 Weeks
239,12 Weeks
240,12 Weeks
241,12 Weeks
242,12 Weeks
243,12 Weeks
244,12 Weeks
245,12 Weeks
246,12 Weeks
247,12 Weeks
248,12 Weeks
249,12 Weeks
250,12 Weeks
251,12 Weeks
252,12 Weeks
253,12 Weeks
254,Season
255,Season
